image_id,source_file,split,box_count,output_image,output_label
608,batch_15/000007.jpg,val,5,taco_000608.jpg,taco_000608.txt
789,batch_3/IMG_5036.JPG,val,2,taco_000789.jpg,taco_000789.txt
1341,batch_8/000041.jpg,val,1,taco_001341.jpg,taco_001341.txt
759,batch_2/000083.JPG,val,1,taco_000759.jpg,taco_000759.txt
1354,batch_8/000054.jpg,val,6,taco_001354.jpg,taco_001354.txt
674,batch_15/000073.jpg,val,3,taco_000674.jpg,taco_000674.txt
49,batch_1/000067.JPG,val,1,taco_000049.jpg,taco_000049.txt
383,batch_12/000082.jpg,val,1,taco_000383.jpg,taco_000383.txt
402,batch_13/000001.jpg,val,1,taco_000402.jpg,taco_000402.txt
436,batch_13/000035.jpg,val,2,taco_000436.jpg,taco_000436.txt
915,batch_4/000045.JPG,val,3,taco_000915.jpg,taco_000915.txt
940,batch_4/000072.JPG,val,1,taco_000940.jpg,taco_000940.txt
398,batch_12/000097.jpg,val,3,taco_000398.jpg,taco_000398.txt
524,batch_14/000023.jpg,val,2,taco_000524.jpg,taco_000524.txt
659,batch_15/000058.jpg,val,2,taco_000659.jpg,taco_000659.txt
704,batch_2/000022.JPG,val,3,taco_000704.jpg,taco_000704.txt
404,batch_13/000003.jpg,val,2,taco_000404.jpg,taco_000404.txt
864,batch_3/IMG_4950.JPG,val,3,taco_000864.jpg,taco_000864.txt
1425,batch_9/000025.jpg,val,2,taco_001425.jpg,taco_001425.txt
1378,batch_8/000078.jpg,val,1,taco_001378.jpg,taco_001378.txt
668,batch_15/000067.jpg,val,1,taco_000668.jpg,taco_000668.txt
1100,batch_6/000079.JPG,val,1,taco_001100.jpg,taco_001100.txt
134,batch_10/000033.jpg,val,1,taco_000134.jpg,taco_000134.txt
1097,batch_6/000083.JPG,val,2,taco_001097.jpg,taco_001097.txt
985,batch_5/000094.JPG,val,2,taco_000985.jpg,taco_000985.txt
676,batch_15/000075.jpg,val,2,taco_000676.jpg,taco_000676.txt
540,batch_14/000039.jpg,val,1,taco_000540.jpg,taco_000540.txt
187,batch_10/000086.jpg,val,6,taco_000187.jpg,taco_000187.txt
435,batch_13/000034.jpg,val,2,taco_000435.jpg,taco_000435.txt
431,batch_13/000030.jpg,val,1,taco_000431.jpg,taco_000431.txt
1299,batch_7/000142.JPG,val,1,taco_001299.jpg,taco_001299.txt
442,batch_13/000041.jpg,val,2,taco_000442.jpg,taco_000442.txt
894,batch_4/000018.JPG,val,1,taco_000894.jpg,taco_000894.txt
388,batch_12/000087.jpg,val,5,taco_000388.jpg,taco_000388.txt
1035,batch_5/000018.JPG,val,1,taco_001035.jpg,taco_001035.txt
1071,batch_5/000057.JPG,val,2,taco_001071.jpg,taco_001071.txt
1289,batch_7/000132.JPG,val,2,taco_001289.jpg,taco_001289.txt
449,batch_13/000048.jpg,val,1,taco_000449.jpg,taco_000449.txt
899,batch_4/000023.JPG,val,1,taco_000899.jpg,taco_000899.txt
1043,batch_5/000026.JPG,val,1,taco_001043.jpg,taco_001043.txt
766,batch_2/000089.JPG,val,1,taco_000766.jpg,taco_000766.txt
578,batch_14/000077.jpg,val,2,taco_000578.jpg,taco_000578.txt
535,batch_14/000034.jpg,val,1,taco_000535.jpg,taco_000535.txt
1064,batch_5/000049.JPG,val,12,taco_001064.jpg,taco_001064.txt
483,batch_13/000082.jpg,val,1,taco_000483.jpg,taco_000483.txt
1228,batch_7/000066.JPG,val,3,taco_001228.jpg,taco_001228.txt
800,batch_3/IMG_5050.JPG,val,2,taco_000800.jpg,taco_000800.txt
1182,batch_7/000011.JPG,val,1,taco_001182.jpg,taco_001182.txt
876,batch_4/000067.JPG,val,1,taco_000876.jpg,taco_000876.txt
670,batch_15/000069.jpg,val,1,taco_000670.jpg,taco_000670.txt
1460,batch_9/000060.jpg,val,2,taco_001460.jpg,taco_001460.txt
572,batch_14/000071.jpg,val,2,taco_000572.jpg,taco_000572.txt
844,batch_3/IMG_4921.JPG,val,2,taco_000844.jpg,taco_000844.txt
68,batch_1/000090.JPG,val,2,taco_000068.jpg,taco_000068.txt
1018,batch_5/000000.JPG,val,2,taco_001018.jpg,taco_001018.txt
1287,batch_7/000129.JPG,val,2,taco_001287.jpg,taco_001287.txt
987,batch_5/000096.JPG,val,1,taco_000987.jpg,taco_000987.txt
1238,batch_7/000077.JPG,val,3,taco_001238.jpg,taco_001238.txt
671,batch_15/000070.jpg,val,1,taco_000671.jpg,taco_000671.txt
537,batch_14/000036.jpg,val,2,taco_000537.jpg,taco_000537.txt
974,batch_5/000083.JPG,val,2,taco_000974.jpg,taco_000974.txt
1285,batch_7/000127.JPG,val,3,taco_001285.jpg,taco_001285.txt
1429,batch_9/000029.jpg,val,4,taco_001429.jpg,taco_001429.txt
1189,batch_7/000018.JPG,val,5,taco_001189.jpg,taco_001189.txt
1265,batch_7/000106.JPG,val,1,taco_001265.jpg,taco_001265.txt
1154,batch_6/000022.JPG,val,7,taco_001154.jpg,taco_001154.txt
1090,batch_6/000091.JPG,val,1,taco_001090.jpg,taco_001090.txt
1423,batch_9/000023.jpg,val,4,taco_001423.jpg,taco_001423.txt
1032,batch_5/000015.JPG,val,11,taco_001032.jpg,taco_001032.txt
604,batch_15/000003.jpg,val,1,taco_000604.jpg,taco_000604.txt
965,batch_5/000072.JPG,val,2,taco_000965.jpg,taco_000965.txt
683,batch_15/000082.jpg,val,1,taco_000683.jpg,taco_000683.txt
1446,batch_9/000046.jpg,val,2,taco_001446.jpg,taco_001446.txt
926,batch_4/000056.JPG,val,1,taco_000926.jpg,taco_000926.txt
1468,batch_9/000068.jpg,val,1,taco_001468.jpg,taco_001468.txt
1047,batch_5/000030.JPG,val,16,taco_001047.jpg,taco_001047.txt
327,batch_12/000026.jpg,val,17,taco_000327.jpg,taco_000327.txt
1092,batch_6/000089.JPG,val,1,taco_001092.jpg,taco_001092.txt
354,batch_12/000053.jpg,val,1,taco_000354.jpg,taco_000354.txt
409,batch_13/000008.jpg,val,4,taco_000409.jpg,taco_000409.txt
216,batch_11/000015.jpg,val,5,taco_000216.jpg,taco_000216.txt
413,batch_13/000012.jpg,val,1,taco_000413.jpg,taco_000413.txt
592,batch_14/000091.jpg,val,1,taco_000592.jpg,taco_000592.txt
500,batch_13/000099.jpg,val,1,taco_000500.jpg,taco_000500.txt
599,batch_14/000098.jpg,val,1,taco_000599.jpg,taco_000599.txt
185,batch_10/000084.jpg,val,3,taco_000185.jpg,taco_000185.txt
626,batch_15/000025.jpg,val,5,taco_000626.jpg,taco_000626.txt
98,batch_1/000127.JPG,val,10,taco_000098.jpg,taco_000098.txt
1136,batch_6/000041.JPG,val,3,taco_001136.jpg,taco_001136.txt
611,batch_15/000010.jpg,val,7,taco_000611.jpg,taco_000611.txt
1402,batch_9/000002.jpg,val,3,taco_001402.jpg,taco_001402.txt
1226,batch_7/000064.JPG,val,3,taco_001226.jpg,taco_001226.txt
1348,batch_8/000048.jpg,val,2,taco_001348.jpg,taco_001348.txt
408,batch_13/000007.jpg,val,2,taco_000408.jpg,taco_000408.txt
1046,batch_5/000029.JPG,val,6,taco_001046.jpg,taco_001046.txt
1229,batch_7/000067.JPG,val,2,taco_001229.jpg,taco_001229.txt
84,batch_1/000106.JPG,val,6,taco_000084.jpg,taco_000084.txt
321,batch_12/000020.jpg,val,3,taco_000321.jpg,taco_000321.txt
630,batch_15/000029.jpg,val,27,taco_000630.jpg,taco_000630.txt
32,batch_1/000031.jpg,val,1,taco_000032.jpg,taco_000032.txt
360,batch_12/000059.jpg,val,6,taco_000360.jpg,taco_000360.txt
743,batch_2/000065.JPG,val,2,taco_000743.jpg,taco_000743.txt
529,batch_14/000028.jpg,val,1,taco_000529.jpg,taco_000529.txt
805,batch_3/IMG_5055.JPG,val,3,taco_000805.jpg,taco_000805.txt
1409,batch_9/000009.jpg,val,2,taco_001409.jpg,taco_001409.txt
1080,batch_6/000101.JPG,val,2,taco_001080.jpg,taco_001080.txt
381,batch_12/000080.jpg,val,1,taco_000381.jpg,taco_000381.txt
1284,batch_7/000126.JPG,val,1,taco_001284.jpg,taco_001284.txt
184,batch_10/000083.jpg,val,5,taco_000184.jpg,taco_000184.txt
193,batch_10/000092.jpg,val,1,taco_000193.jpg,taco_000193.txt
663,batch_15/000062.jpg,val,2,taco_000663.jpg,taco_000663.txt
111,batch_10/000010.jpg,val,1,taco_000111.jpg,taco_000111.txt
778,batch_3/IMG_4972.JPG,val,2,taco_000778.jpg,taco_000778.txt
818,batch_3/IMG_4868.JPG,val,2,taco_000818.jpg,taco_000818.txt
995,batch_5/000066.JPG,val,3,taco_000995.jpg,taco_000995.txt
735,batch_2/000057.JPG,val,1,taco_000735.jpg,taco_000735.txt
135,batch_10/000034.jpg,val,16,taco_000135.jpg,taco_000135.txt
1426,batch_9/000026.jpg,val,2,taco_001426.jpg,taco_001426.txt
1168,batch_6/000006.JPG,val,3,taco_001168.jpg,taco_001168.txt
1107,batch_6/000072.JPG,val,39,taco_001107.jpg,taco_001107.txt
889,batch_4/000012.JPG,val,1,taco_000889.jpg,taco_000889.txt
558,batch_14/000057.jpg,val,1,taco_000558.jpg,taco_000558.txt
982,batch_5/000091.JPG,val,2,taco_000982.jpg,taco_000982.txt
1312,batch_8/000012.jpg,val,2,taco_001312.jpg,taco_001312.txt
133,batch_10/000032.jpg,val,1,taco_000133.jpg,taco_000133.txt
602,batch_15/000001.jpg,val,1,taco_000602.jpg,taco_000602.txt
100,batch_1/000129.JPG,val,7,taco_000100.jpg,taco_000100.txt
616,batch_15/000015.jpg,val,7,taco_000616.jpg,taco_000616.txt
1377,batch_8/000077.jpg,val,3,taco_001377.jpg,taco_001377.txt
353,batch_12/000052.jpg,val,1,taco_000353.jpg,taco_000353.txt
809,batch_3/IMG_5060.JPG,val,4,taco_000809.jpg,taco_000809.txt
159,batch_10/000058.jpg,val,1,taco_000159.jpg,taco_000159.txt
371,batch_12/000070.jpg,val,1,taco_000371.jpg,taco_000371.txt
1073,batch_5/000059.JPG,val,1,taco_001073.jpg,taco_001073.txt
429,batch_13/000028.jpg,val,2,taco_000429.jpg,taco_000429.txt
256,batch_11/000055.jpg,val,1,taco_000256.jpg,taco_000256.txt
15,batch_1/000058.jpg,val,3,taco_000015.jpg,taco_000015.txt
91,batch_1/000118.JPG,val,1,taco_000091.jpg,taco_000091.txt
1380,batch_8/000080.jpg,val,2,taco_001380.jpg,taco_001380.txt
1483,batch_9/000083.jpg,val,1,taco_001483.jpg,taco_001483.txt
363,batch_12/000062.jpg,val,30,taco_000363.jpg,taco_000363.txt
700,batch_2/000018.JPG,val,1,taco_000700.jpg,taco_000700.txt
405,batch_13/000004.jpg,val,3,taco_000405.jpg,taco_000405.txt
113,batch_10/000012.jpg,val,1,taco_000113.jpg,taco_000113.txt
622,batch_15/000021.jpg,val,4,taco_000622.jpg,taco_000622.txt
1066,batch_5/000051.JPG,val,2,taco_001066.jpg,taco_001066.txt
909,batch_4/000037.JPG,val,1,taco_000909.jpg,taco_000909.txt
71,batch_1/000093.JPG,val,1,taco_000071.jpg,taco_000071.txt
412,batch_13/000011.jpg,val,1,taco_000412.jpg,taco_000412.txt
753,batch_2/000076.JPG,val,3,taco_000753.jpg,taco_000753.txt
1276,batch_7/000118.JPG,val,1,taco_001276.jpg,taco_001276.txt
1443,batch_9/000043.jpg,val,1,taco_001443.jpg,taco_001443.txt
1321,batch_8/000021.jpg,val,54,taco_001321.jpg,taco_001321.txt
734,batch_2/000056.JPG,val,1,taco_000734.jpg,taco_000734.txt
107,batch_10/000006.jpg,val,3,taco_000107.jpg,taco_000107.txt
1305,batch_8/000005.jpg,val,1,taco_001305.jpg,taco_001305.txt
850,batch_3/IMG_4934.JPG,val,3,taco_000850.jpg,taco_000850.txt
392,batch_12/000091.jpg,val,11,taco_000392.jpg,taco_000392.txt
99,batch_1/000128.JPG,val,13,taco_000099.jpg,taco_000099.txt
34,batch_1/000050.jpg,val,2,taco_000034.jpg,taco_000034.txt
1146,batch_6/000031.JPG,val,1,taco_001146.jpg,taco_001146.txt
870,batch_3/IMG_5064.JPG,val,2,taco_000870.jpg,taco_000870.txt
654,batch_15/000053.jpg,val,2,taco_000654.jpg,taco_000654.txt
1191,batch_7/000020.JPG,val,1,taco_001191.jpg,taco_001191.txt
127,batch_10/000026.jpg,val,3,taco_000127.jpg,taco_000127.txt
210,batch_11/000009.jpg,val,2,taco_000210.jpg,taco_000210.txt
9,batch_1/000007.jpg,val,3,taco_000009.jpg,taco_000009.txt
1120,batch_6/000058.JPG,val,4,taco_001120.jpg,taco_001120.txt
1201,batch_7/000034.JPG,val,1,taco_001201.jpg,taco_001201.txt
217,batch_11/000016.jpg,val,2,taco_000217.jpg,taco_000217.txt
541,batch_14/000040.jpg,val,1,taco_000541.jpg,taco_000541.txt
824,batch_3/IMG_4878.JPG,val,2,taco_000824.jpg,taco_000824.txt
428,batch_13/000027.jpg,val,2,taco_000428.jpg,taco_000428.txt
300,batch_11/000099.jpg,val,2,taco_000300.jpg,taco_000300.txt
1093,batch_6/000088.JPG,val,1,taco_001093.jpg,taco_001093.txt
1144,batch_6/000033.JPG,val,2,taco_001144.jpg,taco_001144.txt
959,batch_4/000094.JPG,val,2,taco_000959.jpg,taco_000959.txt
1062,batch_5/000047.JPG,val,4,taco_001062.jpg,taco_001062.txt
719,batch_2/000039.JPG,val,1,taco_000719.jpg,taco_000719.txt
712,batch_2/000032.JPG,val,2,taco_000712.jpg,taco_000712.txt
1041,batch_5/000024.JPG,val,1,taco_001041.jpg,taco_001041.txt
160,batch_10/000059.jpg,val,2,taco_000160.jpg,taco_000160.txt
852,batch_3/IMG_4939.JPG,val,3,taco_000852.jpg,taco_000852.txt
1314,batch_8/000014.jpg,val,19,taco_001314.jpg,taco_001314.txt
1017,batch_5/000118.JPG,val,1,taco_001017.jpg,taco_001017.txt
195,batch_10/000094.jpg,val,3,taco_000195.jpg,taco_000195.txt
903,batch_4/000028.JPG,val,2,taco_000903.jpg,taco_000903.txt
669,batch_15/000068.jpg,val,1,taco_000669.jpg,taco_000669.txt
1432,batch_9/000032.jpg,val,1,taco_001432.jpg,taco_001432.txt
1358,batch_8/000058.jpg,val,2,taco_001358.jpg,taco_001358.txt
427,batch_13/000026.jpg,val,3,taco_000427.jpg,taco_000427.txt
956,batch_4/000090.JPG,val,1,taco_000956.jpg,taco_000956.txt
804,batch_3/IMG_5054.JPG,val,5,taco_000804.jpg,taco_000804.txt
948,batch_4/000082.JPG,val,2,taco_000948.jpg,taco_000948.txt
872,batch_3/IMG_5066.JPG,val,3,taco_000872.jpg,taco_000872.txt
94,batch_1/000121.JPG,val,2,taco_000094.jpg,taco_000094.txt
618,batch_15/000017.jpg,val,4,taco_000618.jpg,taco_000618.txt
901,batch_4/000026.JPG,val,1,taco_000901.jpg,taco_000901.txt
138,batch_10/000037.jpg,val,5,taco_000138.jpg,taco_000138.txt
990,batch_5/000099.JPG,val,1,taco_000990.jpg,taco_000990.txt
1045,batch_5/000028.JPG,val,3,taco_001045.jpg,taco_001045.txt
1006,batch_5/000107.JPG,val,1,taco_001006.jpg,taco_001006.txt
501,batch_14/000000.jpg,val,1,taco_000501.jpg,taco_000501.txt
393,batch_12/000092.jpg,val,3,taco_000393.jpg,taco_000393.txt
1022,batch_5/000005.JPG,val,6,taco_001022.jpg,taco_001022.txt
1422,batch_9/000022.jpg,val,3,taco_001422.jpg,taco_001422.txt
174,batch_10/000073.jpg,val,1,taco_000174.jpg,taco_000174.txt
1494,batch_9/000094.jpg,val,3,taco_001494.jpg,taco_001494.txt
348,batch_12/000047.jpg,val,11,taco_000348.jpg,taco_000348.txt
57,batch_1/000076.JPG,val,7,taco_000057.jpg,taco_000057.txt
732,batch_2/000054.JPG,val,7,taco_000732.jpg,taco_000732.txt
36,batch_1/000000.jpg,val,1,taco_000036.jpg,taco_000036.txt
802,batch_3/IMG_5052.JPG,val,1,taco_000802.jpg,taco_000802.txt
1162,batch_6/000013.JPG,val,3,taco_001162.jpg,taco_001162.txt
695,batch_2/000012.JPG,val,1,taco_000695.jpg,taco_000695.txt
491,batch_13/000090.jpg,val,2,taco_000491.jpg,taco_000491.txt
986,batch_5/000095.JPG,val,1,taco_000986.jpg,taco_000986.txt
1007,batch_5/000108.JPG,val,2,taco_001007.jpg,taco_001007.txt
294,batch_11/000093.jpg,val,1,taco_000294.jpg,taco_000294.txt
720,batch_2/000040.JPG,val,1,taco_000720.jpg,taco_000720.txt
303,batch_12/000002.jpg,val,1,taco_000303.jpg,taco_000303.txt
867,batch_3/IMG_5037.JPG,val,1,taco_000867.jpg,taco_000867.txt
871,batch_3/IMG_5065.JPG,test,1,taco_000871.jpg,taco_000871.txt
1178,batch_7/000005.JPG,test,1,taco_001178.jpg,taco_001178.txt
1301,batch_8/000001.jpg,test,1,taco_001301.jpg,taco_001301.txt
821,batch_3/IMG_4875.JPG,test,2,taco_000821.jpg,taco_000821.txt
1034,batch_5/000017.JPG,test,2,taco_001034.jpg,taco_001034.txt
349,batch_12/000048.jpg,test,2,taco_000349.jpg,taco_000349.txt
246,batch_11/000045.jpg,test,1,taco_000246.jpg,taco_000246.txt
452,batch_13/000051.jpg,test,1,taco_000452.jpg,taco_000452.txt
813,batch_3/IMG_4856.JPG,test,1,taco_000813.jpg,taco_000813.txt
1440,batch_9/000040.jpg,test,2,taco_001440.jpg,taco_001440.txt
421,batch_13/000020.jpg,test,3,taco_000421.jpg,taco_000421.txt
1223,batch_7/000060.JPG,test,1,taco_001223.jpg,taco_001223.txt
44,batch_1/000037.jpg,test,5,taco_000044.jpg,taco_000044.txt
106,batch_10/000005.jpg,test,8,taco_000106.jpg,taco_000106.txt
741,batch_2/000063.JPG,test,1,taco_000741.jpg,taco_000741.txt
1420,batch_9/000020.jpg,test,2,taco_001420.jpg,taco_001420.txt
1346,batch_8/000046.jpg,test,1,taco_001346.jpg,taco_001346.txt
866,batch_3/IMG_4948.JPG,test,13,taco_000866.jpg,taco_000866.txt
1133,batch_6/000045.JPG,test,2,taco_001133.jpg,taco_001133.txt
1408,batch_9/000008.jpg,test,12,taco_001408.jpg,taco_001408.txt
190,batch_10/000089.jpg,test,3,taco_000190.jpg,taco_000190.txt
526,batch_14/000025.jpg,test,2,taco_000526.jpg,taco_000526.txt
1382,batch_8/000082.jpg,test,1,taco_001382.jpg,taco_001382.txt
8,batch_1/000005.jpg,test,1,taco_000008.jpg,taco_000008.txt
1003,batch_5/000104.JPG,test,1,taco_001003.jpg,taco_001003.txt
1480,batch_9/000080.jpg,test,13,taco_001480.jpg,taco_001480.txt
860,batch_3/IMG_4969.JPG,test,8,taco_000860.jpg,taco_000860.txt
682,batch_15/000081.jpg,test,1,taco_000682.jpg,taco_000682.txt
482,batch_13/000081.jpg,test,1,taco_000482.jpg,taco_000482.txt
769,batch_2/000092.JPG,test,1,taco_000769.jpg,taco_000769.txt
775,batch_2/000098.JPG,test,8,taco_000775.jpg,taco_000775.txt
24,batch_1/000061.jpg,test,1,taco_000024.jpg,taco_000024.txt
570,batch_14/000069.jpg,test,2,taco_000570.jpg,taco_000570.txt
731,batch_2/000053.JPG,test,3,taco_000731.jpg,taco_000731.txt
1070,batch_5/000056.JPG,test,3,taco_001070.jpg,taco_001070.txt
1331,batch_8/000031.jpg,test,10,taco_001331.jpg,taco_001331.txt
112,batch_10/000011.jpg,test,14,taco_000112.jpg,taco_000112.txt
717,batch_2/000037.JPG,test,1,taco_000717.jpg,taco_000717.txt
1303,batch_8/000003.jpg,test,1,taco_001303.jpg,taco_001303.txt
1416,batch_9/000016.jpg,test,1,taco_001416.jpg,taco_001416.txt
397,batch_12/000096.jpg,test,1,taco_000397.jpg,taco_000397.txt
969,batch_5/000076.JPG,test,1,taco_000969.jpg,taco_000969.txt
632,batch_15/000031.jpg,test,2,taco_000632.jpg,taco_000632.txt
1208,batch_7/000043.JPG,test,10,taco_001208.jpg,taco_001208.txt
555,batch_14/000054.jpg,test,1,taco_000555.jpg,taco_000555.txt
11,batch_1/000014.jpg,test,6,taco_000011.jpg,taco_000011.txt
358,batch_12/000057.jpg,test,6,taco_000358.jpg,taco_000358.txt
949,batch_4/000083.JPG,test,1,taco_000949.jpg,taco_000949.txt
316,batch_12/000015.jpg,test,3,taco_000316.jpg,taco_000316.txt
1209,batch_7/000044.JPG,test,8,taco_001209.jpg,taco_001209.txt
1444,batch_9/000044.jpg,test,1,taco_001444.jpg,taco_001444.txt
600,batch_14/000099.jpg,test,1,taco_000600.jpg,taco_000600.txt
754,batch_2/000077.JPG,test,2,taco_000754.jpg,taco_000754.txt
379,batch_12/000078.jpg,test,1,taco_000379.jpg,taco_000379.txt
1026,batch_5/000009.JPG,test,3,taco_001026.jpg,taco_001026.txt
878,batch_4/000000.JPG,test,1,taco_000878.jpg,taco_000878.txt
1413,batch_9/000013.jpg,test,1,taco_001413.jpg,taco_001413.txt
129,batch_10/000028.jpg,test,1,taco_000129.jpg,taco_000129.txt
1340,batch_8/000040.jpg,test,3,taco_001340.jpg,taco_001340.txt
334,batch_12/000033.jpg,test,7,taco_000334.jpg,taco_000334.txt
390,batch_12/000089.jpg,test,6,taco_000390.jpg,taco_000390.txt
997,batch_5/000068.JPG,test,2,taco_000997.jpg,taco_000997.txt
37,batch_1/000013.jpg,test,1,taco_000037.jpg,taco_000037.txt
80,batch_1/000101.JPG,test,2,taco_000080.jpg,taco_000080.txt
837,batch_3/IMG_4911.JPG,test,2,taco_000837.jpg,taco_000837.txt
918,batch_4/000048.JPG,test,1,taco_000918.jpg,taco_000918.txt
241,batch_11/000040.jpg,test,4,taco_000241.jpg,taco_000241.txt
1214,batch_7/000050.JPG,test,3,taco_001214.jpg,taco_001214.txt
380,batch_12/000079.jpg,test,2,taco_000380.jpg,taco_000380.txt
238,batch_11/000037.jpg,test,1,taco_000238.jpg,taco_000238.txt
1169,batch_6/000005.JPG,test,3,taco_001169.jpg,taco_001169.txt
910,batch_4/000039.JPG,test,1,taco_000910.jpg,taco_000910.txt
1316,batch_8/000016.jpg,test,4,taco_001316.jpg,taco_001316.txt
610,batch_15/000009.jpg,test,2,taco_000610.jpg,taco_000610.txt
594,batch_14/000093.jpg,train,2,taco_000594.jpg,taco_000594.txt
981,batch_5/000090.JPG,train,1,taco_000981.jpg,taco_000981.txt
1059,batch_5/000043.JPG,train,1,taco_001059.jpg,taco_001059.txt
531,batch_14/000030.jpg,train,1,taco_000531.jpg,taco_000531.txt
89,batch_1/000115.JPG,train,10,taco_000089.jpg,taco_000089.txt
595,batch_14/000094.jpg,train,4,taco_000595.jpg,taco_000595.txt
534,batch_14/000033.jpg,train,1,taco_000534.jpg,taco_000534.txt
560,batch_14/000059.jpg,train,1,taco_000560.jpg,taco_000560.txt
722,batch_2/000042.JPG,train,2,taco_000722.jpg,taco_000722.txt
1405,batch_9/000005.jpg,train,1,taco_001405.jpg,taco_001405.txt
126,batch_10/000025.jpg,train,1,taco_000126.jpg,taco_000126.txt
1219,batch_7/000055.JPG,train,1,taco_001219.jpg,taco_001219.txt
223,batch_11/000022.jpg,train,1,taco_000223.jpg,taco_000223.txt
1488,batch_9/000088.jpg,train,8,taco_001488.jpg,taco_001488.txt
629,batch_15/000028.jpg,train,9,taco_000629.jpg,taco_000629.txt
970,batch_5/000119.JPG,train,2,taco_000970.jpg,taco_000970.txt
28,batch_1/000024.jpg,train,3,taco_000028.jpg,taco_000028.txt
168,batch_10/000067.jpg,train,1,taco_000168.jpg,taco_000168.txt
1353,batch_8/000053.jpg,train,14,taco_001353.jpg,taco_001353.txt
1005,batch_5/000106.JPG,train,4,taco_001005.jpg,taco_001005.txt
155,batch_10/000054.jpg,train,2,taco_000155.jpg,taco_000155.txt
816,batch_3/IMG_4862.JPG,train,8,taco_000816.jpg,taco_000816.txt
230,batch_11/000029.jpg,train,2,taco_000230.jpg,taco_000230.txt
958,batch_4/000093.JPG,train,2,taco_000958.jpg,taco_000958.txt
1091,batch_6/000090.JPG,train,1,taco_001091.jpg,taco_001091.txt
1056,batch_5/000040.JPG,train,3,taco_001056.jpg,taco_001056.txt
507,batch_14/000006.jpg,train,2,taco_000507.jpg,taco_000507.txt
605,batch_15/000004.jpg,train,2,taco_000605.jpg,taco_000605.txt
713,batch_2/000033.JPG,train,8,taco_000713.jpg,taco_000713.txt
646,batch_15/000045.jpg,train,1,taco_000646.jpg,taco_000646.txt
1217,batch_7/000053.JPG,train,2,taco_001217.jpg,taco_001217.txt
410,batch_13/000009.jpg,train,6,taco_000410.jpg,taco_000410.txt
1033,batch_5/000016.JPG,train,2,taco_001033.jpg,taco_001033.txt
366,batch_12/000065.jpg,train,1,taco_000366.jpg,taco_000366.txt
472,batch_13/000071.jpg,train,1,taco_000472.jpg,taco_000472.txt
665,batch_15/000064.jpg,train,5,taco_000665.jpg,taco_000665.txt
920,batch_4/000050.JPG,train,1,taco_000920.jpg,taco_000920.txt
375,batch_12/000074.jpg,train,6,taco_000375.jpg,taco_000375.txt
197,batch_10/000096.jpg,train,4,taco_000197.jpg,taco_000197.txt
279,batch_11/000078.jpg,train,1,taco_000279.jpg,taco_000279.txt
1081,batch_6/000100.JPG,train,2,taco_001081.jpg,taco_001081.txt
522,batch_14/000021.jpg,train,4,taco_000522.jpg,taco_000522.txt
1259,batch_7/000098.JPG,train,1,taco_001259.jpg,taco_001259.txt
913,batch_4/000042.JPG,train,1,taco_000913.jpg,taco_000913.txt
757,batch_2/000081.JPG,train,2,taco_000757.jpg,taco_000757.txt
1306,batch_8/000006.jpg,train,1,taco_001306.jpg,taco_001306.txt
1396,batch_8/000096.jpg,train,1,taco_001396.jpg,taco_001396.txt
924,batch_4/000054.JPG,train,4,taco_000924.jpg,taco_000924.txt
38,batch_1/000015.jpg,train,2,taco_000038.jpg,taco_000038.txt
888,batch_4/000011.JPG,train,3,taco_000888.jpg,taco_000888.txt
807,batch_3/IMG_5057.JPG,train,1,taco_000807.jpg,taco_000807.txt
640,batch_15/000039.jpg,train,1,taco_000640.jpg,taco_000640.txt
637,batch_15/000036.jpg,train,16,taco_000637.jpg,taco_000637.txt
1251,batch_7/000090.JPG,train,2,taco_001251.jpg,taco_001251.txt
385,batch_12/000084.jpg,train,10,taco_000385.jpg,taco_000385.txt
275,batch_11/000074.jpg,train,9,taco_000275.jpg,taco_000275.txt
361,batch_12/000060.jpg,train,1,taco_000361.jpg,taco_000361.txt
972,batch_5/000081.JPG,train,1,taco_000972.jpg,taco_000972.txt
810,batch_3/IMG_4852.JPG,train,2,taco_000810.jpg,taco_000810.txt
589,batch_14/000088.jpg,train,3,taco_000589.jpg,taco_000589.txt
1027,batch_5/000010.JPG,train,2,taco_001027.jpg,taco_001027.txt
845,batch_3/IMG_4922.JPG,train,2,taco_000845.jpg,taco_000845.txt
1274,batch_7/000115.JPG,train,1,taco_001274.jpg,taco_001274.txt
826,batch_3/IMG_4883.JPG,train,2,taco_000826.jpg,taco_000826.txt
494,batch_13/000093.jpg,train,1,taco_000494.jpg,taco_000494.txt
764,batch_2/000049.JPG,train,10,taco_000764.jpg,taco_000764.txt
1243,batch_7/000082.JPG,train,1,taco_001243.jpg,taco_001243.txt
492,batch_13/000091.jpg,train,1,taco_000492.jpg,taco_000492.txt
647,batch_15/000046.jpg,train,1,taco_000647.jpg,taco_000647.txt
715,batch_2/000035.JPG,train,5,taco_000715.jpg,taco_000715.txt
869,batch_3/IMG_5063.JPG,train,2,taco_000869.jpg,taco_000869.txt
245,batch_11/000044.jpg,train,3,taco_000245.jpg,taco_000245.txt
907,batch_4/000035.JPG,train,2,taco_000907.jpg,taco_000907.txt
22,batch_1/000049.jpg,train,2,taco_000022.jpg,taco_000022.txt
673,batch_15/000072.jpg,train,2,taco_000673.jpg,taco_000673.txt
1202,batch_7/000035.JPG,train,5,taco_001202.jpg,taco_001202.txt
1079,batch_6/000102.JPG,train,5,taco_001079.jpg,taco_001079.txt
886,batch_4/000009.JPG,train,1,taco_000886.jpg,taco_000886.txt
911,batch_4/000040.JPG,train,1,taco_000911.jpg,taco_000911.txt
723,batch_2/000043.JPG,train,2,taco_000723.jpg,taco_000723.txt
467,batch_13/000066.jpg,train,1,taco_000467.jpg,taco_000467.txt
1315,batch_8/000015.jpg,train,3,taco_001315.jpg,taco_001315.txt
1336,batch_8/000036.jpg,train,5,taco_001336.jpg,taco_001336.txt
1256,batch_7/000095.JPG,train,1,taco_001256.jpg,taco_001256.txt
984,batch_5/000093.JPG,train,2,taco_000984.jpg,taco_000984.txt
828,batch_3/IMG_4889.JPG,train,1,taco_000828.jpg,taco_000828.txt
503,batch_14/000002.jpg,train,2,taco_000503.jpg,taco_000503.txt
178,batch_10/000077.jpg,train,2,taco_000178.jpg,taco_000178.txt
1042,batch_5/000025.JPG,train,1,taco_001042.jpg,taco_001042.txt
1128,batch_6/000050.JPG,train,1,taco_001128.jpg,taco_001128.txt
1476,batch_9/000076.jpg,train,2,taco_001476.jpg,taco_001476.txt
843,batch_3/IMG_4919.JPG,train,2,taco_000843.jpg,taco_000843.txt
967,batch_5/000074.JPG,train,1,taco_000967.jpg,taco_000967.txt
1216,batch_7/000052.JPG,train,2,taco_001216.jpg,taco_001216.txt
302,batch_12/000001.jpg,train,1,taco_000302.jpg,taco_000302.txt
306,batch_12/000005.jpg,train,1,taco_000306.jpg,taco_000306.txt
1474,batch_9/000074.jpg,train,3,taco_001474.jpg,taco_001474.txt
378,batch_12/000077.jpg,train,2,taco_000378.jpg,taco_000378.txt
145,batch_10/000044.jpg,train,1,taco_000145.jpg,taco_000145.txt
1334,batch_8/000034.jpg,train,8,taco_001334.jpg,taco_001334.txt
533,batch_14/000032.jpg,train,2,taco_000533.jpg,taco_000533.txt
265,batch_11/000064.jpg,train,1,taco_000265.jpg,taco_000265.txt
176,batch_10/000075.jpg,train,3,taco_000176.jpg,taco_000176.txt
1012,batch_5/000113.JPG,train,2,taco_001012.jpg,taco_001012.txt
1282,batch_7/000124.JPG,train,1,taco_001282.jpg,taco_001282.txt
1362,batch_8/000062.jpg,train,1,taco_001362.jpg,taco_001362.txt
35,batch_1/000059.jpg,train,4,taco_000035.jpg,taco_000035.txt
69,batch_1/000091.JPG,train,2,taco_000069.jpg,taco_000069.txt
389,batch_12/000088.jpg,train,13,taco_000389.jpg,taco_000389.txt
568,batch_14/000067.jpg,train,3,taco_000568.jpg,taco_000568.txt
312,batch_12/000011.jpg,train,1,taco_000312.jpg,taco_000312.txt
97,batch_1/000124.JPG,train,3,taco_000097.jpg,taco_000097.txt
642,batch_15/000041.jpg,train,2,taco_000642.jpg,taco_000642.txt
1234,batch_7/000072.JPG,train,4,taco_001234.jpg,taco_001234.txt
1088,batch_6/000093.JPG,train,2,taco_001088.jpg,taco_001088.txt
236,batch_11/000035.jpg,train,1,taco_000236.jpg,taco_000236.txt
927,batch_4/000057.JPG,train,1,taco_000927.jpg,taco_000927.txt
244,batch_11/000043.jpg,train,1,taco_000244.jpg,taco_000244.txt
1491,batch_9/000091.jpg,train,1,taco_001491.jpg,taco_001491.txt
1204,batch_7/000037.JPG,train,2,taco_001204.jpg,taco_001204.txt
1187,batch_7/000016.JPG,train,1,taco_001187.jpg,taco_001187.txt
368,batch_12/000067.jpg,train,2,taco_000368.jpg,taco_000368.txt
266,batch_11/000065.jpg,train,1,taco_000266.jpg,taco_000266.txt
150,batch_10/000049.jpg,train,1,taco_000150.jpg,taco_000150.txt
373,batch_12/000072.jpg,train,1,taco_000373.jpg,taco_000373.txt
462,batch_13/000061.jpg,train,1,taco_000462.jpg,taco_000462.txt
1057,batch_5/000041.JPG,train,2,taco_001057.jpg,taco_001057.txt
337,batch_12/000036.jpg,train,1,taco_000337.jpg,taco_000337.txt
60,batch_1/000081.JPG,train,3,taco_000060.jpg,taco_000060.txt
471,batch_13/000070.jpg,train,1,taco_000471.jpg,taco_000471.txt
58,batch_1/000078.JPG,train,1,taco_000058.jpg,taco_000058.txt
115,batch_10/000014.jpg,train,3,taco_000115.jpg,taco_000115.txt
968,batch_5/000075.JPG,train,1,taco_000968.jpg,taco_000968.txt
211,batch_11/000010.jpg,train,5,taco_000211.jpg,taco_000211.txt
1395,batch_8/000095.jpg,train,2,taco_001395.jpg,taco_001395.txt
1227,batch_7/000065.JPG,train,3,taco_001227.jpg,taco_001227.txt
1001,batch_5/000102.JPG,train,2,taco_001001.jpg,taco_001001.txt
161,batch_10/000060.jpg,train,1,taco_000161.jpg,taco_000161.txt
1103,batch_6/000076.JPG,train,3,taco_001103.jpg,taco_001103.txt
689,batch_2/000005.JPG,train,7,taco_000689.jpg,taco_000689.txt
1309,batch_8/000009.jpg,train,2,taco_001309.jpg,taco_001309.txt
1166,batch_6/000008.JPG,train,1,taco_001166.jpg,taco_001166.txt
914,batch_4/000043.JPG,train,1,taco_000914.jpg,taco_000914.txt
1193,batch_7/000022.JPG,train,12,taco_001193.jpg,taco_001193.txt
1143,batch_6/000034.JPG,train,2,taco_001143.jpg,taco_001143.txt
62,batch_1/000083.JPG,train,2,taco_000062.jpg,taco_000062.txt
746,batch_2/000069.JPG,train,1,taco_000746.jpg,taco_000746.txt
364,batch_12/000063.jpg,train,2,taco_000364.jpg,taco_000364.txt
935,batch_4/000065.JPG,train,2,taco_000935.jpg,taco_000935.txt
1165,batch_6/000009.JPG,train,1,taco_001165.jpg,taco_001165.txt
67,batch_1/000088.JPG,train,4,taco_000067.jpg,taco_000067.txt
1239,batch_7/000078.JPG,train,20,taco_001239.jpg,taco_001239.txt
925,batch_4/000055.JPG,train,1,taco_000925.jpg,taco_000925.txt
887,batch_4/000010.JPG,train,3,taco_000887.jpg,taco_000887.txt
770,batch_2/000093.JPG,train,1,taco_000770.jpg,taco_000770.txt
613,batch_15/000012.jpg,train,2,taco_000613.jpg,taco_000613.txt
1087,batch_6/000094.JPG,train,1,taco_001087.jpg,taco_001087.txt
326,batch_12/000025.jpg,train,26,taco_000326.jpg,taco_000326.txt
945,batch_4/000079.JPG,train,1,taco_000945.jpg,taco_000945.txt
394,batch_12/000093.jpg,train,3,taco_000394.jpg,taco_000394.txt
1104,batch_6/000075.JPG,train,1,taco_001104.jpg,taco_001104.txt
188,batch_10/000087.jpg,train,3,taco_000188.jpg,taco_000188.txt
519,batch_14/000018.jpg,train,1,taco_000519.jpg,taco_000519.txt
1369,batch_8/000069.jpg,train,3,taco_001369.jpg,taco_001369.txt
817,batch_3/IMG_4865.JPG,train,2,taco_000817.jpg,taco_000817.txt
863,batch_3/IMG_4929.JPG,train,1,taco_000863.jpg,taco_000863.txt
649,batch_15/000048.jpg,train,1,taco_000649.jpg,taco_000649.txt
1296,batch_7/000139.JPG,train,2,taco_001296.jpg,taco_001296.txt
947,batch_4/000081.JPG,train,1,taco_000947.jpg,taco_000947.txt
343,batch_12/000042.jpg,train,1,taco_000343.jpg,taco_000343.txt
1281,batch_7/000123.JPG,train,2,taco_001281.jpg,taco_001281.txt
430,batch_13/000029.jpg,train,1,taco_000430.jpg,taco_000430.txt
269,batch_11/000068.jpg,train,1,taco_000269.jpg,taco_000269.txt
1048,batch_5/000031.JPG,train,5,taco_001048.jpg,taco_001048.txt
1430,batch_9/000030.jpg,train,2,taco_001430.jpg,taco_001430.txt
1072,batch_5/000058.JPG,train,9,taco_001072.jpg,taco_001072.txt
59,batch_1/000079.JPG,train,1,taco_000059.jpg,taco_000059.txt
167,batch_10/000066.jpg,train,1,taco_000167.jpg,taco_000167.txt
619,batch_15/000018.jpg,train,1,taco_000619.jpg,taco_000619.txt
1313,batch_8/000013.jpg,train,3,taco_001313.jpg,taco_001313.txt
45,batch_1/000045.jpg,train,6,taco_000045.jpg,taco_000045.txt
1332,batch_8/000032.jpg,train,1,taco_001332.jpg,taco_001332.txt
18,batch_1/000011.jpg,train,1,taco_000018.jpg,taco_000018.txt
1159,batch_6/000017.JPG,train,6,taco_001159.jpg,taco_001159.txt
588,batch_14/000087.jpg,train,2,taco_000588.jpg,taco_000588.txt
725,batch_2/000046.JPG,train,1,taco_000725.jpg,taco_000725.txt
208,batch_11/000007.jpg,train,1,taco_000208.jpg,taco_000208.txt
346,batch_12/000045.jpg,train,1,taco_000346.jpg,taco_000346.txt
148,batch_10/000047.jpg,train,1,taco_000148.jpg,taco_000148.txt
1343,batch_8/000043.jpg,train,1,taco_001343.jpg,taco_001343.txt
736,batch_2/000058.JPG,train,1,taco_000736.jpg,taco_000736.txt
1099,batch_6/000080.JPG,train,2,taco_001099.jpg,taco_001099.txt
170,batch_10/000069.jpg,train,1,taco_000170.jpg,taco_000170.txt
994,batch_5/000064.JPG,train,1,taco_000994.jpg,taco_000994.txt
930,batch_4/000060.JPG,train,1,taco_000930.jpg,taco_000930.txt
1215,batch_7/000051.JPG,train,9,taco_001215.jpg,taco_001215.txt
928,batch_4/000058.JPG,train,2,taco_000928.jpg,taco_000928.txt
1190,batch_7/000019.JPG,train,1,taco_001190.jpg,taco_001190.txt
172,batch_10/000071.jpg,train,1,taco_000172.jpg,taco_000172.txt
1459,batch_9/000059.jpg,train,1,taco_001459.jpg,taco_001459.txt
1016,batch_5/000117.JPG,train,1,taco_001016.jpg,taco_001016.txt
964,batch_5/000071.JPG,train,4,taco_000964.jpg,taco_000964.txt
1117,batch_6/000061.JPG,train,2,taco_001117.jpg,taco_001117.txt
893,batch_4/000016.JPG,train,1,taco_000893.jpg,taco_000893.txt
996,batch_5/000067.JPG,train,3,taco_000996.jpg,taco_000996.txt
729,batch_2/000051.JPG,train,2,taco_000729.jpg,taco_000729.txt
331,batch_12/000030.jpg,train,4,taco_000331.jpg,taco_000331.txt
772,batch_2/000095.JPG,train,1,taco_000772.jpg,taco_000772.txt
1245,batch_7/000084.JPG,train,6,taco_001245.jpg,taco_001245.txt
92,batch_1/000119.JPG,train,1,taco_000092.jpg,taco_000092.txt
1068,batch_5/000054.JPG,train,1,taco_001068.jpg,taco_001068.txt
1401,batch_9/000001.jpg,train,2,taco_001401.jpg,taco_001401.txt
667,batch_15/000066.jpg,train,8,taco_000667.jpg,taco_000667.txt
1424,batch_9/000024.jpg,train,1,taco_001424.jpg,taco_001424.txt
902,batch_4/000027.JPG,train,1,taco_000902.jpg,taco_000902.txt
566,batch_14/000065.jpg,train,1,taco_000566.jpg,taco_000566.txt
182,batch_10/000081.jpg,train,3,taco_000182.jpg,taco_000182.txt
1427,batch_9/000027.jpg,train,4,taco_001427.jpg,taco_001427.txt
1141,batch_6/000036.JPG,train,5,taco_001141.jpg,taco_001141.txt
21,batch_1/000043.jpg,train,2,taco_000021.jpg,taco_000021.txt
1352,batch_8/000052.jpg,train,2,taco_001352.jpg,taco_001352.txt
1436,batch_9/000036.jpg,train,2,taco_001436.jpg,taco_001436.txt
1319,batch_8/000019.jpg,train,3,taco_001319.jpg,taco_001319.txt
262,batch_11/000061.jpg,train,1,taco_000262.jpg,taco_000262.txt
1286,batch_7/000128.JPG,train,1,taco_001286.jpg,taco_001286.txt
450,batch_13/000049.jpg,train,3,taco_000450.jpg,taco_000450.txt
40,batch_1/000017.jpg,train,1,taco_000040.jpg,taco_000040.txt
1465,batch_9/000065.jpg,train,3,taco_001465.jpg,taco_001465.txt
456,batch_13/000055.jpg,train,1,taco_000456.jpg,taco_000456.txt
1383,batch_8/000083.jpg,train,2,taco_001383.jpg,taco_001383.txt
521,batch_14/000020.jpg,train,1,taco_000521.jpg,taco_000521.txt
884,batch_4/000007.JPG,train,1,taco_000884.jpg,taco_000884.txt
1029,batch_5/000012.JPG,train,8,taco_001029.jpg,taco_001029.txt
1014,batch_5/000115.JPG,train,1,taco_001014.jpg,taco_001014.txt
488,batch_13/000087.jpg,train,3,taco_000488.jpg,taco_000488.txt
128,batch_10/000027.jpg,train,4,taco_000128.jpg,taco_000128.txt
1374,batch_8/000074.jpg,train,4,taco_001374.jpg,taco_001374.txt
561,batch_14/000060.jpg,train,1,taco_000561.jpg,taco_000561.txt
320,batch_12/000019.jpg,train,8,taco_000320.jpg,taco_000320.txt
992,batch_5/000062.JPG,train,1,taco_000992.jpg,taco_000992.txt
675,batch_15/000074.jpg,train,2,taco_000675.jpg,taco_000675.txt
1111,batch_6/000068.JPG,train,9,taco_001111.jpg,taco_001111.txt
1272,batch_7/000113.JPG,train,2,taco_001272.jpg,taco_001272.txt
278,batch_11/000077.jpg,train,1,taco_000278.jpg,taco_000278.txt
1210,batch_7/000045.JPG,train,2,taco_001210.jpg,taco_001210.txt
1357,batch_8/000057.jpg,train,1,taco_001357.jpg,taco_001357.txt
763,batch_2/000030.JPG,train,4,taco_000763.jpg,taco_000763.txt
1177,batch_7/000004.JPG,train,2,taco_001177.jpg,taco_001177.txt
205,batch_11/000004.jpg,train,2,taco_000205.jpg,taco_000205.txt
576,batch_14/000075.jpg,train,1,taco_000576.jpg,taco_000576.txt
242,batch_11/000041.jpg,train,1,taco_000242.jpg,taco_000242.txt
72,batch_1/000094.JPG,train,2,taco_000072.jpg,taco_000072.txt
653,batch_15/000052.jpg,train,7,taco_000653.jpg,taco_000653.txt
765,batch_2/000088.JPG,train,2,taco_000765.jpg,taco_000765.txt
301,batch_12/000000.jpg,train,5,taco_000301.jpg,taco_000301.txt
240,batch_11/000039.jpg,train,2,taco_000240.jpg,taco_000240.txt
33,batch_1/000042.jpg,train,4,taco_000033.jpg,taco_000033.txt
304,batch_12/000003.jpg,train,1,taco_000304.jpg,taco_000304.txt
795,batch_3/IMG_5044.JPG,train,1,taco_000795.jpg,taco_000795.txt
587,batch_14/000086.jpg,train,1,taco_000587.jpg,taco_000587.txt
1031,batch_5/000014.JPG,train,1,taco_001031.jpg,taco_001031.txt
2,batch_1/000010.jpg,train,2,taco_000002.jpg,taco_000002.txt
574,batch_14/000073.jpg,train,1,taco_000574.jpg,taco_000574.txt
76,batch_1/000098.JPG,train,5,taco_000076.jpg,taco_000076.txt
179,batch_10/000078.jpg,train,1,taco_000179.jpg,taco_000179.txt
1183,batch_7/000012.JPG,train,1,taco_001183.jpg,taco_001183.txt
162,batch_10/000061.jpg,train,1,taco_000162.jpg,taco_000162.txt
1391,batch_8/000091.jpg,train,2,taco_001391.jpg,taco_001391.txt
1264,batch_7/000104.JPG,train,1,taco_001264.jpg,taco_001264.txt
806,batch_3/IMG_5056.JPG,train,1,taco_000806.jpg,taco_000806.txt
1230,batch_7/000068.JPG,train,1,taco_001230.jpg,taco_001230.txt
101,batch_10/000000.jpg,train,1,taco_000101.jpg,taco_000101.txt
1485,batch_9/000085.jpg,train,5,taco_001485.jpg,taco_001485.txt
318,batch_12/000017.jpg,train,3,taco_000318.jpg,taco_000318.txt
447,batch_13/000046.jpg,train,1,taco_000447.jpg,taco_000447.txt
310,batch_12/000009.jpg,train,3,taco_000310.jpg,taco_000310.txt
916,batch_4/000046.JPG,train,2,taco_000916.jpg,taco_000916.txt
975,batch_5/000084.JPG,train,2,taco_000975.jpg,taco_000975.txt
854,batch_3/IMG_4961.JPG,train,3,taco_000854.jpg,taco_000854.txt
544,batch_14/000043.jpg,train,1,taco_000544.jpg,taco_000544.txt
234,batch_11/000033.jpg,train,1,taco_000234.jpg,taco_000234.txt
434,batch_13/000033.jpg,train,1,taco_000434.jpg,taco_000434.txt
1271,batch_7/000112.JPG,train,2,taco_001271.jpg,taco_001271.txt
122,batch_10/000021.jpg,train,7,taco_000122.jpg,taco_000122.txt
260,batch_11/000059.jpg,train,2,taco_000260.jpg,taco_000260.txt
917,batch_4/000047.JPG,train,1,taco_000917.jpg,taco_000917.txt
1008,batch_5/000120.JPG,train,3,taco_001008.jpg,taco_001008.txt
590,batch_14/000089.jpg,train,1,taco_000590.jpg,taco_000590.txt
154,batch_10/000053.jpg,train,1,taco_000154.jpg,taco_000154.txt
157,batch_10/000056.jpg,train,1,taco_000157.jpg,taco_000157.txt
1479,batch_9/000079.jpg,train,2,taco_001479.jpg,taco_001479.txt
75,batch_1/000062.JPG,train,13,taco_000075.jpg,taco_000075.txt
512,batch_14/000011.jpg,train,1,taco_000512.jpg,taco_000512.txt
418,batch_13/000017.jpg,train,1,taco_000418.jpg,taco_000418.txt
66,batch_1/000087.JPG,train,2,taco_000066.jpg,taco_000066.txt
1192,batch_7/000021.JPG,train,3,taco_001192.jpg,taco_001192.txt
498,batch_13/000097.jpg,train,2,taco_000498.jpg,taco_000498.txt
797,batch_3/IMG_5046.JPG,train,4,taco_000797.jpg,taco_000797.txt
52,batch_1/000070.JPG,train,1,taco_000052.jpg,taco_000052.txt
191,batch_10/000090.jpg,train,1,taco_000191.jpg,taco_000191.txt
687,batch_2/000001.JPG,train,3,taco_000687.jpg,taco_000687.txt
1280,batch_7/000122.JPG,train,6,taco_001280.jpg,taco_001280.txt
1414,batch_9/000014.jpg,train,4,taco_001414.jpg,taco_001414.txt
489,batch_13/000088.jpg,train,1,taco_000489.jpg,taco_000489.txt
297,batch_11/000096.jpg,train,4,taco_000297.jpg,taco_000297.txt
601,batch_15/000000.jpg,train,7,taco_000601.jpg,taco_000601.txt
744,batch_2/000067.JPG,train,1,taco_000744.jpg,taco_000744.txt
105,batch_10/000004.jpg,train,4,taco_000105.jpg,taco_000105.txt
815,batch_3/IMG_4860.JPG,train,4,taco_000815.jpg,taco_000815.txt
636,batch_15/000035.jpg,train,1,taco_000636.jpg,taco_000636.txt
305,batch_12/000004.jpg,train,2,taco_000305.jpg,taco_000305.txt
1399,batch_8/000099.jpg,train,1,taco_001399.jpg,taco_001399.txt
55,batch_1/000073.JPG,train,1,taco_000055.jpg,taco_000055.txt
46,batch_1/000038.jpg,train,6,taco_000046.jpg,taco_000046.txt
286,batch_11/000085.jpg,train,1,taco_000286.jpg,taco_000286.txt
777,batch_2/000084.JPG,train,8,taco_000777.jpg,taco_000777.txt
823,batch_3/IMG_4877.JPG,train,2,taco_000823.jpg,taco_000823.txt
1279,batch_7/000121.JPG,train,1,taco_001279.jpg,taco_001279.txt
315,batch_12/000014.jpg,train,1,taco_000315.jpg,taco_000315.txt
186,batch_10/000085.jpg,train,8,taco_000186.jpg,taco_000186.txt
376,batch_12/000075.jpg,train,2,taco_000376.jpg,taco_000376.txt
235,batch_11/000034.jpg,train,1,taco_000235.jpg,taco_000235.txt
1109,batch_6/000070.JPG,train,1,taco_001109.jpg,taco_001109.txt
1255,batch_7/000094.JPG,train,1,taco_001255.jpg,taco_001255.txt
1197,batch_7/000029.JPG,train,3,taco_001197.jpg,taco_001197.txt
295,batch_11/000094.jpg,train,2,taco_000295.jpg,taco_000295.txt
1335,batch_8/000035.jpg,train,9,taco_001335.jpg,taco_001335.txt
546,batch_14/000045.jpg,train,2,taco_000546.jpg,taco_000546.txt
617,batch_15/000016.jpg,train,4,taco_000617.jpg,taco_000617.txt
1345,batch_8/000045.jpg,train,1,taco_001345.jpg,taco_001345.txt
711,batch_2/000031.JPG,train,1,taco_000711.jpg,taco_000711.txt
1084,batch_6/000097.JPG,train,6,taco_001084.jpg,taco_001084.txt
1024,batch_5/000007.JPG,train,1,taco_001024.jpg,taco_001024.txt
1126,batch_6/000000.JPG,train,1,taco_001126.jpg,taco_001126.txt
1397,batch_8/000097.jpg,train,2,taco_001397.jpg,taco_001397.txt
123,batch_10/000022.jpg,train,4,taco_000123.jpg,taco_000123.txt
1441,batch_9/000041.jpg,train,1,taco_001441.jpg,taco_001441.txt
200,batch_10/000099.jpg,train,1,taco_000200.jpg,taco_000200.txt
1253,batch_7/000092.JPG,train,5,taco_001253.jpg,taco_001253.txt
877,batch_4/000066.JPG,train,5,taco_000877.jpg,taco_000877.txt
1308,batch_8/000008.jpg,train,5,taco_001308.jpg,taco_001308.txt
748,batch_2/000071.JPG,train,1,taco_000748.jpg,taco_000748.txt
283,batch_11/000082.jpg,train,3,taco_000283.jpg,taco_000283.txt
473,batch_13/000072.jpg,train,1,taco_000473.jpg,taco_000473.txt
851,batch_3/IMG_4936.JPG,train,1,taco_000851.jpg,taco_000851.txt
1311,batch_8/000011.jpg,train,3,taco_001311.jpg,taco_001311.txt
1496,batch_9/000096.jpg,train,1,taco_001496.jpg,taco_001496.txt
938,batch_4/000070.JPG,train,1,taco_000938.jpg,taco_000938.txt
359,batch_12/000058.jpg,train,6,taco_000359.jpg,taco_000359.txt
941,batch_4/000073.JPG,train,2,taco_000941.jpg,taco_000941.txt
1124,batch_6/000054.JPG,train,2,taco_001124.jpg,taco_001124.txt
906,batch_4/000034.JPG,train,1,taco_000906.jpg,taco_000906.txt
989,batch_5/000098.JPG,train,1,taco_000989.jpg,taco_000989.txt
609,batch_15/000008.jpg,train,1,taco_000609.jpg,taco_000609.txt
1330,batch_8/000030.jpg,train,2,taco_001330.jpg,taco_001330.txt
701,batch_2/000019.JPG,train,1,taco_000701.jpg,taco_000701.txt
829,batch_3/IMG_4891.JPG,train,2,taco_000829.jpg,taco_000829.txt
229,batch_11/000028.jpg,train,11,taco_000229.jpg,taco_000229.txt
307,batch_12/000006.jpg,train,1,taco_000307.jpg,taco_000307.txt
979,batch_5/000088.JPG,train,1,taco_000979.jpg,taco_000979.txt
17,batch_1/000003.jpg,train,1,taco_000017.jpg,taco_000017.txt
466,batch_13/000065.jpg,train,1,taco_000466.jpg,taco_000466.txt
511,batch_14/000010.jpg,train,1,taco_000511.jpg,taco_000511.txt
1270,batch_7/000111.JPG,train,1,taco_001270.jpg,taco_001270.txt
249,batch_11/000048.jpg,train,2,taco_000249.jpg,taco_000249.txt
581,batch_14/000080.jpg,train,1,taco_000581.jpg,taco_000581.txt
1152,batch_6/000024.JPG,train,5,taco_001152.jpg,taco_001152.txt
1132,batch_6/000046.JPG,train,18,taco_001132.jpg,taco_001132.txt
1290,batch_7/000133.JPG,train,1,taco_001290.jpg,taco_001290.txt
87,batch_1/000110.JPG,train,2,taco_000087.jpg,taco_000087.txt
198,batch_10/000097.jpg,train,2,taco_000198.jpg,taco_000198.txt
538,batch_14/000037.jpg,train,3,taco_000538.jpg,taco_000538.txt
10,batch_1/000012.jpg,train,2,taco_000010.jpg,taco_000010.txt
1428,batch_9/000028.jpg,train,9,taco_001428.jpg,taco_001428.txt
288,batch_11/000087.jpg,train,1,taco_000288.jpg,taco_000288.txt
624,batch_15/000023.jpg,train,3,taco_000624.jpg,taco_000624.txt
292,batch_11/000091.jpg,train,1,taco_000292.jpg,taco_000292.txt
355,batch_12/000054.jpg,train,1,taco_000355.jpg,taco_000355.txt
270,batch_11/000069.jpg,train,2,taco_000270.jpg,taco_000270.txt
370,batch_12/000069.jpg,train,1,taco_000370.jpg,taco_000370.txt
1337,batch_8/000037.jpg,train,2,taco_001337.jpg,taco_001337.txt
1246,batch_7/000085.JPG,train,18,taco_001246.jpg,taco_001246.txt
1412,batch_9/000012.jpg,train,1,taco_001412.jpg,taco_001412.txt
1094,batch_6/000087.JPG,train,3,taco_001094.jpg,taco_001094.txt
952,batch_4/000086.JPG,train,1,taco_000952.jpg,taco_000952.txt
842,batch_3/IMG_4917.JPG,train,1,taco_000842.jpg,taco_000842.txt
1295,batch_7/000138.JPG,train,4,taco_001295.jpg,taco_001295.txt
963,batch_4/000098.JPG,train,2,taco_000963.jpg,taco_000963.txt
638,batch_15/000037.jpg,train,1,taco_000638.jpg,taco_000638.txt
1150,batch_6/000026.JPG,train,1,taco_001150.jpg,taco_001150.txt
923,batch_4/000053.JPG,train,1,taco_000923.jpg,taco_000923.txt
950,batch_4/000084.JPG,train,1,taco_000950.jpg,taco_000950.txt
469,batch_13/000068.jpg,train,1,taco_000469.jpg,taco_000469.txt
1384,batch_8/000084.jpg,train,2,taco_001384.jpg,taco_001384.txt
1451,batch_9/000051.jpg,train,3,taco_001451.jpg,taco_001451.txt
255,batch_11/000054.jpg,train,2,taco_000255.jpg,taco_000255.txt
1381,batch_8/000081.jpg,train,1,taco_001381.jpg,taco_001381.txt
280,batch_11/000079.jpg,train,9,taco_000280.jpg,taco_000280.txt
749,batch_2/000072.JPG,train,1,taco_000749.jpg,taco_000749.txt
1218,batch_7/000054.JPG,train,2,taco_001218.jpg,taco_001218.txt
1110,batch_6/000069.JPG,train,2,taco_001110.jpg,taco_001110.txt
504,batch_14/000003.jpg,train,2,taco_000504.jpg,taco_000504.txt
846,batch_3/IMG_4924.JPG,train,3,taco_000846.jpg,taco_000846.txt
1129,batch_6/000049.JPG,train,1,taco_001129.jpg,taco_001129.txt
282,batch_11/000081.jpg,train,1,taco_000282.jpg,taco_000282.txt
680,batch_15/000079.jpg,train,1,taco_000680.jpg,taco_000680.txt
1060,batch_5/000045.JPG,train,5,taco_001060.jpg,taco_001060.txt
1036,batch_5/000019.JPG,train,2,taco_001036.jpg,taco_001036.txt
1203,batch_7/000036.JPG,train,8,taco_001203.jpg,taco_001203.txt
1294,batch_7/000137.JPG,train,2,taco_001294.jpg,taco_001294.txt
479,batch_13/000078.jpg,train,2,taco_000479.jpg,taco_000479.txt
664,batch_15/000063.jpg,train,2,taco_000664.jpg,taco_000664.txt
377,batch_12/000076.jpg,train,1,taco_000377.jpg,taco_000377.txt
451,batch_13/000050.jpg,train,1,taco_000451.jpg,taco_000451.txt
108,batch_10/000007.jpg,train,1,taco_000108.jpg,taco_000108.txt
1411,batch_9/000011.jpg,train,4,taco_001411.jpg,taco_001411.txt
862,batch_3/IMG_4881.JPG,train,2,taco_000862.jpg,taco_000862.txt
12,batch_1/000048.jpg,train,10,taco_000012.jpg,taco_000012.txt
356,batch_12/000055.jpg,train,3,taco_000356.jpg,taco_000356.txt
1323,batch_8/000023.jpg,train,16,taco_001323.jpg,taco_001323.txt
527,batch_14/000026.jpg,train,1,taco_000527.jpg,taco_000527.txt
787,batch_3/IMG_5002.JPG,train,2,taco_000787.jpg,taco_000787.txt
386,batch_12/000085.jpg,train,12,taco_000386.jpg,taco_000386.txt
691,batch_2/000007.JPG,train,3,taco_000691.jpg,taco_000691.txt
1379,batch_8/000079.jpg,train,1,taco_001379.jpg,taco_001379.txt
556,batch_14/000055.jpg,train,1,taco_000556.jpg,taco_000556.txt
362,batch_12/000061.jpg,train,37,taco_000362.jpg,taco_000362.txt
42,batch_1/000029.jpg,train,1,taco_000042.jpg,taco_000042.txt
593,batch_14/000092.jpg,train,1,taco_000593.jpg,taco_000593.txt
124,batch_10/000023.jpg,train,1,taco_000124.jpg,taco_000124.txt
1167,batch_6/000007.JPG,train,1,taco_001167.jpg,taco_001167.txt
714,batch_2/000034.JPG,train,8,taco_000714.jpg,taco_000714.txt
1013,batch_5/000114.JPG,train,6,taco_001013.jpg,taco_001013.txt
1387,batch_8/000087.jpg,train,1,taco_001387.jpg,taco_001387.txt
1147,batch_6/000029.JPG,train,4,taco_001147.jpg,taco_001147.txt
252,batch_11/000051.jpg,train,1,taco_000252.jpg,taco_000252.txt
1039,batch_5/000022.JPG,train,5,taco_001039.jpg,taco_001039.txt
1388,batch_8/000088.jpg,train,2,taco_001388.jpg,taco_001388.txt
820,batch_3/IMG_4874.JPG,train,2,taco_000820.jpg,taco_000820.txt
77,batch_1/000099.JPG,train,2,taco_000077.jpg,taco_000077.txt
1250,batch_7/000089.JPG,train,1,taco_001250.jpg,taco_001250.txt
1194,batch_7/000023.JPG,train,4,taco_001194.jpg,taco_001194.txt
414,batch_13/000013.jpg,train,4,taco_000414.jpg,taco_000414.txt
391,batch_12/000090.jpg,train,5,taco_000391.jpg,taco_000391.txt
1019,batch_5/000001.JPG,train,2,taco_001019.jpg,taco_001019.txt
855,batch_3/IMG_4963.JPG,train,1,taco_000855.jpg,taco_000855.txt
325,batch_12/000024.jpg,train,24,taco_000325.jpg,taco_000325.txt
26,batch_1/000022.jpg,train,2,taco_000026.jpg,taco_000026.txt
1433,batch_9/000033.jpg,train,1,taco_001433.jpg,taco_001433.txt
1249,batch_7/000088.JPG,train,1,taco_001249.jpg,taco_001249.txt
1137,batch_6/000040.JPG,train,1,taco_001137.jpg,taco_001137.txt
1179,batch_7/000006.JPG,train,2,taco_001179.jpg,taco_001179.txt
774,batch_2/000097.JPG,train,1,taco_000774.jpg,taco_000774.txt
1450,batch_9/000050.jpg,train,1,taco_001450.jpg,taco_001450.txt
1002,batch_5/000103.JPG,train,2,taco_001002.jpg,taco_001002.txt
634,batch_15/000033.jpg,train,1,taco_000634.jpg,taco_000634.txt
173,batch_10/000072.jpg,train,2,taco_000173.jpg,taco_000173.txt
384,batch_12/000083.jpg,train,1,taco_000384.jpg,taco_000384.txt
1307,batch_8/000007.jpg,train,7,taco_001307.jpg,taco_001307.txt
1077,batch_6/000104.JPG,train,2,taco_001077.jpg,taco_001077.txt
999,batch_5/000070.JPG,train,4,taco_000999.jpg,taco_000999.txt
1244,batch_7/000083.JPG,train,3,taco_001244.jpg,taco_001244.txt
1004,batch_5/000105.JPG,train,2,taco_001004.jpg,taco_001004.txt
1439,batch_9/000039.jpg,train,4,taco_001439.jpg,taco_001439.txt
699,batch_2/000017.JPG,train,1,taco_000699.jpg,taco_000699.txt
993,batch_5/000063.JPG,train,2,taco_000993.jpg,taco_000993.txt
130,batch_10/000029.jpg,train,4,taco_000130.jpg,taco_000130.txt
891,batch_4/000014.JPG,train,2,taco_000891.jpg,taco_000891.txt
1473,batch_9/000073.jpg,train,2,taco_001473.jpg,taco_001473.txt
650,batch_15/000049.jpg,train,4,taco_000650.jpg,taco_000650.txt
857,batch_3/IMG_4965.JPG,train,1,taco_000857.jpg,taco_000857.txt
1161,batch_6/000014.JPG,train,7,taco_001161.jpg,taco_001161.txt
900,batch_4/000025.JPG,train,1,taco_000900.jpg,taco_000900.txt
31,batch_1/000030.jpg,train,1,taco_000031.jpg,taco_000031.txt
41,batch_1/000025.jpg,train,3,taco_000041.jpg,taco_000041.txt
681,batch_15/000080.jpg,train,3,taco_000681.jpg,taco_000681.txt
70,batch_1/000092.JPG,train,3,taco_000070.jpg,taco_000070.txt
679,batch_15/000078.jpg,train,6,taco_000679.jpg,taco_000679.txt
1351,batch_8/000051.jpg,train,5,taco_001351.jpg,taco_001351.txt
365,batch_12/000064.jpg,train,1,taco_000365.jpg,taco_000365.txt
53,batch_1/000071.JPG,train,1,taco_000053.jpg,taco_000053.txt
1407,batch_9/000007.jpg,train,2,taco_001407.jpg,taco_001407.txt
782,batch_3/IMG_4992.JPG,train,2,taco_000782.jpg,taco_000782.txt
1115,batch_6/000063.JPG,train,1,taco_001115.jpg,taco_001115.txt
1185,batch_7/000014.JPG,train,1,taco_001185.jpg,taco_001185.txt
83,batch_1/000105.JPG,train,1,taco_000083.jpg,taco_000083.txt
264,batch_11/000063.jpg,train,4,taco_000264.jpg,taco_000264.txt
1134,batch_6/000043.JPG,train,2,taco_001134.jpg,taco_001134.txt
785,batch_3/IMG_4997.JPG,train,1,taco_000785.jpg,taco_000785.txt
290,batch_11/000089.jpg,train,1,taco_000290.jpg,taco_000290.txt
808,batch_3/IMG_5058.JPG,train,1,taco_000808.jpg,taco_000808.txt
794,batch_3/IMG_5043.JPG,train,1,taco_000794.jpg,taco_000794.txt
352,batch_12/000051.jpg,train,16,taco_000352.jpg,taco_000352.txt
1030,batch_5/000013.JPG,train,1,taco_001030.jpg,taco_001030.txt
474,batch_13/000073.jpg,train,1,taco_000474.jpg,taco_000474.txt
219,batch_11/000018.jpg,train,7,taco_000219.jpg,taco_000219.txt
342,batch_12/000041.jpg,train,1,taco_000342.jpg,taco_000342.txt
1020,batch_5/000002.JPG,train,1,taco_001020.jpg,taco_001020.txt
272,batch_11/000071.jpg,train,7,taco_000272.jpg,taco_000272.txt
931,batch_4/000061.JPG,train,1,taco_000931.jpg,taco_000931.txt
1370,batch_8/000070.jpg,train,1,taco_001370.jpg,taco_001370.txt
481,batch_13/000080.jpg,train,2,taco_000481.jpg,taco_000481.txt
1275,batch_7/000117.JPG,train,1,taco_001275.jpg,taco_001275.txt
1267,batch_7/000108.JPG,train,1,taco_001267.jpg,taco_001267.txt
672,batch_15/000071.jpg,train,2,taco_000672.jpg,taco_000672.txt
1106,batch_6/000073.JPG,train,3,taco_001106.jpg,taco_001106.txt
822,batch_3/IMG_4876.JPG,train,2,taco_000822.jpg,taco_000822.txt
1063,batch_5/000048.JPG,train,1,taco_001063.jpg,taco_001063.txt
1135,batch_6/000042.JPG,train,2,taco_001135.jpg,taco_001135.txt
620,batch_15/000019.jpg,train,6,taco_000620.jpg,taco_000620.txt
1195,batch_7/000024.JPG,train,1,taco_001195.jpg,taco_001195.txt
27,batch_1/000023.jpg,train,7,taco_000027.jpg,taco_000027.txt
1086,batch_6/000095.JPG,train,1,taco_001086.jpg,taco_001086.txt
651,batch_15/000050.jpg,train,1,taco_000651.jpg,taco_000651.txt
1371,batch_8/000071.jpg,train,1,taco_001371.jpg,taco_001371.txt
487,batch_13/000086.jpg,train,1,taco_000487.jpg,taco_000487.txt
171,batch_10/000070.jpg,train,1,taco_000171.jpg,taco_000171.txt
1375,batch_8/000075.jpg,train,2,taco_001375.jpg,taco_001375.txt
422,batch_13/000021.jpg,train,1,taco_000422.jpg,taco_000422.txt
709,batch_2/000027.JPG,train,5,taco_000709.jpg,taco_000709.txt
698,batch_2/000016.JPG,train,1,taco_000698.jpg,taco_000698.txt
351,batch_12/000050.jpg,train,13,taco_000351.jpg,taco_000351.txt
861,batch_3/IMG_4971.JPG,train,1,taco_000861.jpg,taco_000861.txt
29,batch_1/000027.jpg,train,1,taco_000029.jpg,taco_000029.txt
1260,batch_7/000100.JPG,train,1,taco_001260.jpg,taco_001260.txt
454,batch_13/000053.jpg,train,3,taco_000454.jpg,taco_000454.txt
285,batch_11/000084.jpg,train,1,taco_000285.jpg,taco_000285.txt
1262,batch_7/000102.JPG,train,1,taco_001262.jpg,taco_001262.txt
508,batch_14/000007.jpg,train,2,taco_000508.jpg,taco_000508.txt
228,batch_11/000027.jpg,train,1,taco_000228.jpg,taco_000228.txt
631,batch_15/000030.jpg,train,2,taco_000631.jpg,taco_000631.txt
834,batch_3/IMG_4901.JPG,train,2,taco_000834.jpg,taco_000834.txt
571,batch_14/000070.jpg,train,1,taco_000571.jpg,taco_000571.txt
767,batch_2/000090.JPG,train,1,taco_000767.jpg,taco_000767.txt
1349,batch_8/000049.jpg,train,1,taco_001349.jpg,taco_001349.txt
562,batch_14/000061.jpg,train,1,taco_000562.jpg,taco_000562.txt
1421,batch_9/000021.jpg,train,1,taco_001421.jpg,taco_001421.txt
407,batch_13/000006.jpg,train,1,taco_000407.jpg,taco_000407.txt
786,batch_3/IMG_4998.JPG,train,1,taco_000786.jpg,taco_000786.txt
1112,batch_6/000066.JPG,train,30,taco_001112.jpg,taco_001112.txt
367,batch_12/000066.jpg,train,2,taco_000367.jpg,taco_000367.txt
1342,batch_8/000042.jpg,train,3,taco_001342.jpg,taco_001342.txt
1171,batch_6/000002.JPG,train,2,taco_001171.jpg,taco_001171.txt
1481,batch_9/000081.jpg,train,2,taco_001481.jpg,taco_001481.txt
1078,batch_6/000103.JPG,train,3,taco_001078.jpg,taco_001078.txt
1083,batch_6/000098.JPG,train,1,taco_001083.jpg,taco_001083.txt
20,batch_1/000040.jpg,train,4,taco_000020.jpg,taco_000020.txt
1471,batch_9/000071.jpg,train,3,taco_001471.jpg,taco_001471.txt
612,batch_15/000011.jpg,train,2,taco_000612.jpg,taco_000612.txt
942,batch_4/000074.JPG,train,1,taco_000942.jpg,taco_000942.txt
406,batch_13/000005.jpg,train,5,taco_000406.jpg,taco_000406.txt
1023,batch_5/000006.JPG,train,2,taco_001023.jpg,taco_001023.txt
214,batch_11/000013.jpg,train,2,taco_000214.jpg,taco_000214.txt
63,batch_1/000084.JPG,train,4,taco_000063.jpg,taco_000063.txt
433,batch_13/000032.jpg,train,1,taco_000433.jpg,taco_000433.txt
486,batch_13/000085.jpg,train,1,taco_000486.jpg,taco_000486.txt
567,batch_14/000066.jpg,train,1,taco_000567.jpg,taco_000567.txt
1442,batch_9/000042.jpg,train,1,taco_001442.jpg,taco_001442.txt
425,batch_13/000024.jpg,train,1,taco_000425.jpg,taco_000425.txt
960,batch_4/000095.JPG,train,1,taco_000960.jpg,taco_000960.txt
1400,batch_9/000000.jpg,train,3,taco_001400.jpg,taco_001400.txt
1138,batch_6/000039.JPG,train,2,taco_001138.jpg,taco_001138.txt
737,batch_2/000059.JPG,train,4,taco_000737.jpg,taco_000737.txt
158,batch_10/000057.jpg,train,2,taco_000158.jpg,taco_000158.txt
724,batch_2/000044.JPG,train,3,taco_000724.jpg,taco_000724.txt
1324,batch_8/000024.jpg,train,2,taco_001324.jpg,taco_001324.txt
1157,batch_6/000019.JPG,train,2,taco_001157.jpg,taco_001157.txt
1240,batch_7/000079.JPG,train,9,taco_001240.jpg,taco_001240.txt
1310,batch_8/000010.jpg,train,2,taco_001310.jpg,taco_001310.txt
82,batch_1/000104.JPG,train,7,taco_000082.jpg,taco_000082.txt
565,batch_14/000064.jpg,train,1,taco_000565.jpg,taco_000565.txt
1365,batch_8/000065.jpg,train,27,taco_001365.jpg,taco_001365.txt
980,batch_5/000089.JPG,train,1,taco_000980.jpg,taco_000980.txt
284,batch_11/000083.jpg,train,1,taco_000284.jpg,taco_000284.txt
976,batch_5/000085.JPG,train,3,taco_000976.jpg,taco_000976.txt
1386,batch_8/000086.jpg,train,1,taco_001386.jpg,taco_001386.txt
745,batch_2/000068.JPG,train,3,taco_000745.jpg,taco_000745.txt
1082,batch_6/000099.JPG,train,5,taco_001082.jpg,taco_001082.txt
458,batch_13/000057.jpg,train,1,taco_000458.jpg,taco_000458.txt
287,batch_11/000086.jpg,train,1,taco_000287.jpg,taco_000287.txt
247,batch_11/000046.jpg,train,2,taco_000247.jpg,taco_000247.txt
655,batch_15/000054.jpg,train,1,taco_000655.jpg,taco_000655.txt
505,batch_14/000004.jpg,train,1,taco_000505.jpg,taco_000505.txt
542,batch_14/000041.jpg,train,1,taco_000542.jpg,taco_000542.txt
811,batch_3/IMG_4854.JPG,train,1,taco_000811.jpg,taco_000811.txt
799,batch_3/IMG_5049.JPG,train,1,taco_000799.jpg,taco_000799.txt
1373,batch_8/000073.jpg,train,14,taco_001373.jpg,taco_001373.txt
666,batch_15/000065.jpg,train,4,taco_000666.jpg,taco_000666.txt
875,batch_4/000032.JPG,train,7,taco_000875.jpg,taco_000875.txt
258,batch_11/000057.jpg,train,1,taco_000258.jpg,taco_000258.txt
1021,batch_5/000004.JPG,train,3,taco_001021.jpg,taco_001021.txt
271,batch_11/000070.jpg,train,2,taco_000271.jpg,taco_000271.txt
1288,batch_7/000131.JPG,train,4,taco_001288.jpg,taco_001288.txt
966,batch_5/000073.JPG,train,3,taco_000966.jpg,taco_000966.txt
1254,batch_7/000093.JPG,train,1,taco_001254.jpg,taco_001254.txt
776,batch_2/000099.JPG,train,1,taco_000776.jpg,taco_000776.txt
164,batch_10/000063.jpg,train,2,taco_000164.jpg,taco_000164.txt
1292,batch_7/000135.JPG,train,1,taco_001292.jpg,taco_001292.txt
1207,batch_7/000042.JPG,train,1,taco_001207.jpg,taco_001207.txt
865,batch_3/IMG_4857.JPG,train,1,taco_000865.jpg,taco_000865.txt
1158,batch_6/000018.JPG,train,1,taco_001158.jpg,taco_001158.txt
525,batch_14/000024.jpg,train,1,taco_000525.jpg,taco_000525.txt
751,batch_2/000074.JPG,train,2,taco_000751.jpg,taco_000751.txt
849,batch_3/IMG_4932.JPG,train,5,taco_000849.jpg,taco_000849.txt
641,batch_15/000040.jpg,train,1,taco_000641.jpg,taco_000641.txt
461,batch_13/000060.jpg,train,1,taco_000461.jpg,taco_000461.txt
788,batch_3/IMG_5003.JPG,train,17,taco_000788.jpg,taco_000788.txt
330,batch_12/000029.jpg,train,7,taco_000330.jpg,taco_000330.txt
623,batch_15/000022.jpg,train,8,taco_000623.jpg,taco_000623.txt
586,batch_14/000085.jpg,train,1,taco_000586.jpg,taco_000586.txt
1065,batch_5/000050.JPG,train,2,taco_001065.jpg,taco_001065.txt
1121,batch_6/000056.JPG,train,6,taco_001121.jpg,taco_001121.txt
932,batch_4/000062.JPG,train,1,taco_000932.jpg,taco_000932.txt
835,batch_3/IMG_4902.JPG,train,3,taco_000835.jpg,taco_000835.txt
137,batch_10/000036.jpg,train,13,taco_000137.jpg,taco_000137.txt
476,batch_13/000075.jpg,train,1,taco_000476.jpg,taco_000476.txt
1200,batch_7/000033.JPG,train,3,taco_001200.jpg,taco_001200.txt
883,batch_4/000006.JPG,train,1,taco_000883.jpg,taco_000883.txt
1038,batch_5/000021.JPG,train,1,taco_001038.jpg,taco_001038.txt
1069,batch_5/000055.JPG,train,3,taco_001069.jpg,taco_001069.txt
1497,batch_9/000097.jpg,train,3,taco_001497.jpg,taco_001497.txt
484,batch_13/000083.jpg,train,3,taco_000484.jpg,taco_000484.txt
539,batch_14/000038.jpg,train,1,taco_000539.jpg,taco_000539.txt
726,batch_2/000047.JPG,train,2,taco_000726.jpg,taco_000726.txt
838,batch_3/IMG_4913.JPG,train,5,taco_000838.jpg,taco_000838.txt
183,batch_10/000082.jpg,train,1,taco_000183.jpg,taco_000183.txt
1368,batch_8/000068.jpg,train,1,taco_001368.jpg,taco_001368.txt
1392,batch_8/000092.jpg,train,2,taco_001392.jpg,taco_001392.txt
812,batch_3/IMG_4855.JPG,train,1,taco_000812.jpg,taco_000812.txt
109,batch_10/000008.jpg,train,3,taco_000109.jpg,taco_000109.txt
921,batch_4/000051.JPG,train,1,taco_000921.jpg,taco_000921.txt
1130,batch_6/000048.JPG,train,1,taco_001130.jpg,taco_001130.txt
896,batch_4/000020.JPG,train,1,taco_000896.jpg,taco_000896.txt
783,batch_3/IMG_4994.JPG,train,3,taco_000783.jpg,taco_000783.txt
929,batch_4/000059.JPG,train,1,taco_000929.jpg,taco_000929.txt
5,batch_1/000047.jpg,train,6,taco_000005.jpg,taco_000005.txt
1454,batch_9/000054.jpg,train,8,taco_001454.jpg,taco_001454.txt
685,batch_15/000084.jpg,train,3,taco_000685.jpg,taco_000685.txt
152,batch_10/000051.jpg,train,1,taco_000152.jpg,taco_000152.txt
253,batch_11/000052.jpg,train,2,taco_000253.jpg,taco_000253.txt
417,batch_13/000016.jpg,train,3,taco_000417.jpg,taco_000417.txt
515,batch_14/000014.jpg,train,1,taco_000515.jpg,taco_000515.txt
1438,batch_9/000038.jpg,train,2,taco_001438.jpg,taco_001438.txt
1028,batch_5/000011.JPG,train,2,taco_001028.jpg,taco_001028.txt
1475,batch_9/000075.jpg,train,4,taco_001475.jpg,taco_001475.txt
202,batch_11/000001.jpg,train,3,taco_000202.jpg,taco_000202.txt
603,batch_15/000002.jpg,train,2,taco_000603.jpg,taco_000603.txt
1393,batch_8/000093.jpg,train,1,taco_001393.jpg,taco_001393.txt
1231,batch_7/000069.JPG,train,1,taco_001231.jpg,taco_001231.txt
432,batch_13/000031.jpg,train,3,taco_000432.jpg,taco_000432.txt
1075,batch_5/000061.JPG,train,1,taco_001075.jpg,taco_001075.txt
74,batch_1/000096.JPG,train,1,taco_000074.jpg,taco_000074.txt
801,batch_3/IMG_5051.JPG,train,1,taco_000801.jpg,taco_000801.txt
885,batch_4/000008.JPG,train,1,taco_000885.jpg,taco_000885.txt
1076,batch_6/000052.JPG,train,1,taco_001076.jpg,taco_001076.txt
495,batch_13/000094.jpg,train,2,taco_000495.jpg,taco_000495.txt
254,batch_11/000053.jpg,train,2,taco_000254.jpg,taco_000254.txt
47,batch_1/000065.JPG,train,4,taco_000047.jpg,taco_000047.txt
25,batch_1/000021.jpg,train,2,taco_000025.jpg,taco_000025.txt
1160,batch_6/000015.JPG,train,3,taco_001160.jpg,taco_001160.txt
206,batch_11/000005.jpg,train,2,taco_000206.jpg,taco_000206.txt
840,batch_3/IMG_4915.JPG,train,1,taco_000840.jpg,taco_000840.txt
233,batch_11/000032.jpg,train,1,taco_000233.jpg,taco_000233.txt
1206,batch_7/000039.JPG,train,5,taco_001206.jpg,taco_001206.txt
702,batch_2/000020.JPG,train,1,taco_000702.jpg,taco_000702.txt
243,batch_11/000042.jpg,train,1,taco_000243.jpg,taco_000243.txt
784,batch_3/IMG_4996.JPG,train,4,taco_000784.jpg,taco_000784.txt
853,batch_3/IMG_4941.JPG,train,14,taco_000853.jpg,taco_000853.txt
95,batch_1/000122.JPG,train,1,taco_000095.jpg,taco_000095.txt
350,batch_12/000049.jpg,train,1,taco_000350.jpg,taco_000350.txt
648,batch_15/000047.jpg,train,2,taco_000648.jpg,taco_000648.txt
662,batch_15/000061.jpg,train,1,taco_000662.jpg,taco_000662.txt
693,batch_2/000009.JPG,train,5,taco_000693.jpg,taco_000693.txt
536,batch_14/000035.jpg,train,1,taco_000536.jpg,taco_000536.txt
296,batch_11/000095.jpg,train,4,taco_000296.jpg,taco_000296.txt
86,batch_1/000108.JPG,train,2,taco_000086.jpg,taco_000086.txt
688,batch_2/000003.JPG,train,2,taco_000688.jpg,taco_000688.txt
175,batch_10/000074.jpg,train,1,taco_000175.jpg,taco_000175.txt
768,batch_2/000091.JPG,train,1,taco_000768.jpg,taco_000768.txt
830,batch_3/IMG_4893.JPG,train,2,taco_000830.jpg,taco_000830.txt
937,batch_4/000069.JPG,train,1,taco_000937.jpg,taco_000937.txt
827,batch_3/IMG_4887.JPG,train,1,taco_000827.jpg,taco_000827.txt
1366,batch_8/000066.jpg,train,4,taco_001366.jpg,taco_001366.txt
532,batch_14/000031.jpg,train,1,taco_000532.jpg,taco_000532.txt
221,batch_11/000020.jpg,train,1,taco_000221.jpg,taco_000221.txt
705,batch_2/000023.JPG,train,3,taco_000705.jpg,taco_000705.txt
998,batch_5/000069.JPG,train,2,taco_000998.jpg,taco_000998.txt
460,batch_13/000059.jpg,train,10,taco_000460.jpg,taco_000460.txt
1431,batch_9/000031.jpg,train,1,taco_001431.jpg,taco_001431.txt
335,batch_12/000034.jpg,train,7,taco_000335.jpg,taco_000335.txt
684,batch_15/000083.jpg,train,1,taco_000684.jpg,taco_000684.txt
635,batch_15/000034.jpg,train,1,taco_000635.jpg,taco_000635.txt
607,batch_15/000006.jpg,train,2,taco_000607.jpg,taco_000607.txt
819,batch_3/IMG_4869.JPG,train,1,taco_000819.jpg,taco_000819.txt
1461,batch_9/000061.jpg,train,5,taco_001461.jpg,taco_001461.txt
218,batch_11/000017.jpg,train,1,taco_000218.jpg,taco_000218.txt
299,batch_11/000098.jpg,train,2,taco_000299.jpg,taco_000299.txt
317,batch_12/000016.jpg,train,1,taco_000317.jpg,taco_000317.txt
0,batch_1/000006.jpg,train,1,taco_000000.jpg,taco_000000.txt
868,batch_3/IMG_5061.JPG,train,2,taco_000868.jpg,taco_000868.txt
573,batch_14/000072.jpg,train,1,taco_000573.jpg,taco_000573.txt
423,batch_13/000022.jpg,train,8,taco_000423.jpg,taco_000423.txt
314,batch_12/000013.jpg,train,2,taco_000314.jpg,taco_000314.txt
596,batch_14/000095.jpg,train,1,taco_000596.jpg,taco_000596.txt
644,batch_15/000043.jpg,train,1,taco_000644.jpg,taco_000644.txt
1489,batch_9/000089.jpg,train,1,taco_001489.jpg,taco_001489.txt
1291,batch_7/000134.JPG,train,3,taco_001291.jpg,taco_001291.txt
781,batch_3/IMG_4980.JPG,train,2,taco_000781.jpg,taco_000781.txt
707,batch_2/000025.JPG,train,1,taco_000707.jpg,taco_000707.txt
1205,batch_7/000038.JPG,train,2,taco_001205.jpg,taco_001205.txt
977,batch_5/000086.JPG,train,1,taco_000977.jpg,taco_000977.txt
1089,batch_6/000092.JPG,train,3,taco_001089.jpg,taco_001089.txt
1499,batch_9/000099.jpg,train,3,taco_001499.jpg,taco_001499.txt
199,batch_10/000098.jpg,train,3,taco_000199.jpg,taco_000199.txt
1361,batch_8/000061.jpg,train,2,taco_001361.jpg,taco_001361.txt
580,batch_14/000079.jpg,train,4,taco_000580.jpg,taco_000580.txt
308,batch_12/000007.jpg,train,2,taco_000308.jpg,taco_000308.txt
727,batch_2/000048.JPG,train,36,taco_000727.jpg,taco_000727.txt
420,batch_13/000019.jpg,train,8,taco_000420.jpg,taco_000420.txt
1410,batch_9/000010.jpg,train,1,taco_001410.jpg,taco_001410.txt
1173,batch_7/000000.JPG,train,1,taco_001173.jpg,taco_001173.txt
696,batch_2/000013.JPG,train,2,taco_000696.jpg,taco_000696.txt
1096,batch_6/000085.JPG,train,1,taco_001096.jpg,taco_001096.txt
528,batch_14/000027.jpg,train,1,taco_000528.jpg,taco_000528.txt
313,batch_12/000012.jpg,train,1,taco_000313.jpg,taco_000313.txt
936,batch_4/000068.JPG,train,1,taco_000936.jpg,taco_000936.txt
752,batch_2/000075.JPG,train,6,taco_000752.jpg,taco_000752.txt
1466,batch_9/000066.jpg,train,2,taco_001466.jpg,taco_001466.txt
1053,batch_5/000037.JPG,train,2,taco_001053.jpg,taco_001053.txt
1273,batch_7/000114.JPG,train,4,taco_001273.jpg,taco_001273.txt
144,batch_10/000043.jpg,train,7,taco_000144.jpg,taco_000144.txt
898,batch_4/000022.JPG,train,1,taco_000898.jpg,taco_000898.txt
760,batch_2/000085.JPG,train,1,taco_000760.jpg,taco_000760.txt
411,batch_13/000010.jpg,train,4,taco_000411.jpg,taco_000411.txt
3,batch_1/000019.jpg,train,4,taco_000003.jpg,taco_000003.txt
1052,batch_5/000036.JPG,train,6,taco_001052.jpg,taco_001052.txt
1123,batch_6/000057.JPG,train,20,taco_001123.jpg,taco_001123.txt
530,batch_14/000029.jpg,train,1,taco_000530.jpg,taco_000530.txt
1241,batch_7/000080.JPG,train,4,taco_001241.jpg,taco_001241.txt
1360,batch_8/000060.jpg,train,1,taco_001360.jpg,taco_001360.txt
1061,batch_5/000046.JPG,train,1,taco_001061.jpg,taco_001061.txt
908,batch_4/000036.JPG,train,1,taco_000908.jpg,taco_000908.txt
1199,batch_7/000031.JPG,train,2,taco_001199.jpg,taco_001199.txt
721,batch_2/000041.JPG,train,2,taco_000721.jpg,taco_000721.txt
904,batch_4/000029.JPG,train,4,taco_000904.jpg,taco_000904.txt
225,batch_11/000024.jpg,train,1,taco_000225.jpg,taco_000225.txt
78,batch_1/000064.JPG,train,1,taco_000078.jpg,taco_000078.txt
1156,batch_6/000020.JPG,train,1,taco_001156.jpg,taco_001156.txt
1339,batch_8/000039.jpg,train,1,taco_001339.jpg,taco_001339.txt
1174,batch_7/000001.JPG,train,4,taco_001174.jpg,taco_001174.txt
1139,batch_6/000038.JPG,train,3,taco_001139.jpg,taco_001139.txt
56,batch_1/000074.JPG,train,2,taco_000056.jpg,taco_000056.txt
692,batch_2/000008.JPG,train,2,taco_000692.jpg,taco_000692.txt
833,batch_3/IMG_4898.JPG,train,1,taco_000833.jpg,taco_000833.txt
1435,batch_9/000035.jpg,train,2,taco_001435.jpg,taco_001435.txt
733,batch_2/000055.JPG,train,1,taco_000733.jpg,taco_000733.txt
585,batch_14/000084.jpg,train,1,taco_000585.jpg,taco_000585.txt
1437,batch_9/000037.jpg,train,1,taco_001437.jpg,taco_001437.txt
1235,batch_7/000073.JPG,train,5,taco_001235.jpg,taco_001235.txt
686,batch_2/000000.JPG,train,2,taco_000686.jpg,taco_000686.txt
831,batch_3/IMG_4895.JPG,train,2,taco_000831.jpg,taco_000831.txt
403,batch_13/000002.jpg,train,1,taco_000403.jpg,taco_000403.txt
48,batch_1/000066.JPG,train,1,taco_000048.jpg,taco_000048.txt
464,batch_13/000063.jpg,train,1,taco_000464.jpg,taco_000464.txt
1434,batch_9/000034.jpg,train,1,taco_001434.jpg,taco_001434.txt
639,batch_15/000038.jpg,train,3,taco_000639.jpg,taco_000639.txt
730,batch_2/000052.JPG,train,8,taco_000730.jpg,taco_000730.txt
957,batch_4/000092.JPG,train,1,taco_000957.jpg,taco_000957.txt
416,batch_13/000015.jpg,train,5,taco_000416.jpg,taco_000416.txt
463,batch_13/000062.jpg,train,1,taco_000463.jpg,taco_000463.txt
978,batch_5/000087.JPG,train,1,taco_000978.jpg,taco_000978.txt
79,batch_1/000100.JPG,train,1,taco_000079.jpg,taco_000079.txt
798,batch_3/IMG_5048.JPG,train,1,taco_000798.jpg,taco_000798.txt
224,batch_11/000023.jpg,train,1,taco_000224.jpg,taco_000224.txt
1467,batch_9/000067.jpg,train,4,taco_001467.jpg,taco_001467.txt
1350,batch_8/000050.jpg,train,1,taco_001350.jpg,taco_001350.txt
517,batch_14/000016.jpg,train,1,taco_000517.jpg,taco_000517.txt
858,batch_3/IMG_4966.JPG,train,2,taco_000858.jpg,taco_000858.txt
694,batch_2/000010.JPG,train,3,taco_000694.jpg,taco_000694.txt
374,batch_12/000073.jpg,train,1,taco_000374.jpg,taco_000374.txt
50,batch_1/000068.JPG,train,3,taco_000050.jpg,taco_000050.txt
859,batch_3/IMG_4967.JPG,train,3,taco_000859.jpg,taco_000859.txt
369,batch_12/000068.jpg,train,1,taco_000369.jpg,taco_000369.txt
339,batch_12/000038.jpg,train,4,taco_000339.jpg,taco_000339.txt
1224,batch_7/000062.JPG,train,8,taco_001224.jpg,taco_001224.txt
322,batch_12/000021.jpg,train,2,taco_000322.jpg,taco_000322.txt
1470,batch_9/000070.jpg,train,4,taco_001470.jpg,taco_001470.txt
739,batch_2/000061.JPG,train,1,taco_000739.jpg,taco_000739.txt
213,batch_11/000012.jpg,train,2,taco_000213.jpg,taco_000213.txt
1233,batch_7/000071.JPG,train,1,taco_001233.jpg,taco_001233.txt
438,batch_13/000037.jpg,train,1,taco_000438.jpg,taco_000438.txt
747,batch_2/000070.JPG,train,1,taco_000747.jpg,taco_000747.txt
1180,batch_7/000008.JPG,train,1,taco_001180.jpg,taco_001180.txt
761,batch_2/000086.JPG,train,2,taco_000761.jpg,taco_000761.txt
645,batch_15/000044.jpg,train,1,taco_000645.jpg,taco_000645.txt
85,batch_1/000107.JPG,train,5,taco_000085.jpg,taco_000085.txt
267,batch_11/000066.jpg,train,1,taco_000267.jpg,taco_000267.txt
895,batch_4/000019.JPG,train,1,taco_000895.jpg,taco_000895.txt
309,batch_12/000008.jpg,train,1,taco_000309.jpg,taco_000309.txt
1151,batch_6/000025.JPG,train,1,taco_001151.jpg,taco_001151.txt
73,batch_1/000095.JPG,train,3,taco_000073.jpg,taco_000073.txt
311,batch_12/000010.jpg,train,5,taco_000311.jpg,taco_000311.txt
1232,batch_7/000070.JPG,train,3,taco_001232.jpg,taco_001232.txt
1320,batch_8/000020.jpg,train,2,taco_001320.jpg,taco_001320.txt
1163,batch_6/000011.JPG,train,1,taco_001163.jpg,taco_001163.txt
890,batch_4/000013.JPG,train,1,taco_000890.jpg,taco_000890.txt
919,batch_4/000049.JPG,train,1,taco_000919.jpg,taco_000919.txt
1328,batch_8/000028.jpg,train,12,taco_001328.jpg,taco_001328.txt
545,batch_14/000044.jpg,train,1,taco_000545.jpg,taco_000545.txt
273,batch_11/000072.jpg,train,1,taco_000273.jpg,taco_000273.txt
697,batch_2/000015.JPG,train,1,taco_000697.jpg,taco_000697.txt
7,batch_1/000001.jpg,train,2,taco_000007.jpg,taco_000007.txt
90,batch_1/000117.JPG,train,3,taco_000090.jpg,taco_000090.txt
579,batch_14/000078.jpg,train,1,taco_000579.jpg,taco_000579.txt
1453,batch_9/000053.jpg,train,11,taco_001453.jpg,taco_001453.txt
1458,batch_9/000058.jpg,train,1,taco_001458.jpg,taco_001458.txt
104,batch_10/000003.jpg,train,10,taco_000104.jpg,taco_000104.txt
1355,batch_8/000055.jpg,train,3,taco_001355.jpg,taco_001355.txt
1322,batch_8/000022.jpg,train,1,taco_001322.jpg,taco_001322.txt
1050,batch_5/000034.JPG,train,2,taco_001050.jpg,taco_001050.txt
550,batch_14/000049.jpg,train,1,taco_000550.jpg,taco_000550.txt
424,batch_13/000023.jpg,train,1,taco_000424.jpg,taco_000424.txt
716,batch_2/000036.JPG,train,2,taco_000716.jpg,taco_000716.txt
439,batch_13/000038.jpg,train,1,taco_000439.jpg,taco_000439.txt
591,batch_14/000090.jpg,train,1,taco_000591.jpg,taco_000591.txt
569,batch_14/000068.jpg,train,1,taco_000569.jpg,taco_000569.txt
1462,batch_9/000062.jpg,train,2,taco_001462.jpg,taco_001462.txt
222,batch_11/000021.jpg,train,1,taco_000222.jpg,taco_000222.txt
239,batch_11/000038.jpg,train,1,taco_000239.jpg,taco_000239.txt
1452,batch_9/000052.jpg,train,2,taco_001452.jpg,taco_001452.txt
281,batch_11/000080.jpg,train,2,taco_000281.jpg,taco_000281.txt
215,batch_11/000014.jpg,train,2,taco_000215.jpg,taco_000215.txt
627,batch_15/000026.jpg,train,2,taco_000627.jpg,taco_000627.txt
16,batch_1/000060.jpg,train,2,taco_000016.jpg,taco_000016.txt
1356,batch_8/000056.jpg,train,1,taco_001356.jpg,taco_001356.txt
633,batch_15/000032.jpg,train,3,taco_000633.jpg,taco_000633.txt
1127,batch_6/000051.JPG,train,1,taco_001127.jpg,taco_001127.txt
1293,batch_7/000136.JPG,train,3,taco_001293.jpg,taco_001293.txt
1418,batch_9/000018.jpg,train,1,taco_001418.jpg,taco_001418.txt
597,batch_14/000096.jpg,train,1,taco_000597.jpg,taco_000597.txt
771,batch_2/000094.JPG,train,1,taco_000771.jpg,taco_000771.txt
509,batch_14/000008.jpg,train,1,taco_000509.jpg,taco_000509.txt
1188,batch_7/000017.JPG,train,1,taco_001188.jpg,taco_001188.txt
728,batch_2/000050.JPG,train,7,taco_000728.jpg,taco_000728.txt
277,batch_11/000076.jpg,train,2,taco_000277.jpg,taco_000277.txt
1170,batch_6/000003.JPG,train,2,taco_001170.jpg,taco_001170.txt
1051,batch_5/000035.JPG,train,2,taco_001051.jpg,taco_001051.txt
444,batch_13/000043.jpg,train,2,taco_000444.jpg,taco_000444.txt
1116,batch_6/000062.JPG,train,1,taco_001116.jpg,taco_001116.txt
151,batch_10/000050.jpg,train,5,taco_000151.jpg,taco_000151.txt
207,batch_11/000006.jpg,train,4,taco_000207.jpg,taco_000207.txt
953,batch_4/000087.JPG,train,4,taco_000953.jpg,taco_000953.txt
19,batch_1/000032.jpg,train,2,taco_000019.jpg,taco_000019.txt
149,batch_10/000048.jpg,train,4,taco_000149.jpg,taco_000149.txt
1175,batch_7/000002.JPG,train,2,taco_001175.jpg,taco_001175.txt
951,batch_4/000085.JPG,train,3,taco_000951.jpg,taco_000951.txt
628,batch_15/000027.jpg,train,1,taco_000628.jpg,taco_000628.txt
274,batch_11/000073.jpg,train,1,taco_000274.jpg,taco_000274.txt
1389,batch_8/000089.jpg,train,3,taco_001389.jpg,taco_001389.txt
1212,batch_7/000048.JPG,train,4,taco_001212.jpg,taco_001212.txt
497,batch_13/000096.jpg,train,1,taco_000497.jpg,taco_000497.txt
657,batch_15/000056.jpg,train,5,taco_000657.jpg,taco_000657.txt
426,batch_13/000025.jpg,train,35,taco_000426.jpg,taco_000426.txt
543,batch_14/000042.jpg,train,2,taco_000543.jpg,taco_000543.txt
661,batch_15/000060.jpg,train,1,taco_000661.jpg,taco_000661.txt
1085,batch_6/000096.JPG,train,1,taco_001085.jpg,taco_001085.txt
1172,batch_6/000001.JPG,train,5,taco_001172.jpg,taco_001172.txt
873,batch_3/IMG_5067.JPG,train,4,taco_000873.jpg,taco_000873.txt
169,batch_10/000068.jpg,train,1,taco_000169.jpg,taco_000169.txt
81,batch_1/000102.JPG,train,5,taco_000081.jpg,taco_000081.txt
513,batch_14/000012.jpg,train,1,taco_000513.jpg,taco_000513.txt
1181,batch_7/000010.JPG,train,3,taco_001181.jpg,taco_001181.txt
248,batch_11/000047.jpg,train,1,taco_000248.jpg,taco_000248.txt
841,batch_3/IMG_4916.JPG,train,2,taco_000841.jpg,taco_000841.txt
490,batch_13/000089.jpg,train,2,taco_000490.jpg,taco_000490.txt
140,batch_10/000039.jpg,train,1,taco_000140.jpg,taco_000140.txt
141,batch_10/000040.jpg,train,1,taco_000141.jpg,taco_000141.txt
387,batch_12/000086.jpg,train,4,taco_000387.jpg,taco_000387.txt
166,batch_10/000065.jpg,train,1,taco_000166.jpg,taco_000166.txt
1055,batch_5/000039.JPG,train,1,taco_001055.jpg,taco_001055.txt
116,batch_10/000015.jpg,train,4,taco_000116.jpg,taco_000116.txt
328,batch_12/000027.jpg,train,3,taco_000328.jpg,taco_000328.txt
1102,batch_6/000077.JPG,train,1,taco_001102.jpg,taco_001102.txt
1044,batch_5/000027.JPG,train,3,taco_001044.jpg,taco_001044.txt
991,batch_5/000100.JPG,train,1,taco_000991.jpg,taco_000991.txt
102,batch_10/000001.jpg,train,4,taco_000102.jpg,taco_000102.txt
117,batch_10/000016.jpg,train,1,taco_000117.jpg,taco_000117.txt
656,batch_15/000055.jpg,train,2,taco_000656.jpg,taco_000656.txt
1247,batch_7/000086.JPG,train,4,taco_001247.jpg,taco_001247.txt
1125,batch_6/000053.JPG,train,1,taco_001125.jpg,taco_001125.txt
120,batch_10/000019.jpg,train,1,taco_000120.jpg,taco_000120.txt
453,batch_13/000052.jpg,train,2,taco_000453.jpg,taco_000453.txt
621,batch_15/000020.jpg,train,2,taco_000621.jpg,taco_000621.txt
395,batch_12/000094.jpg,train,2,taco_000395.jpg,taco_000395.txt
323,batch_12/000022.jpg,train,1,taco_000323.jpg,taco_000323.txt
1011,batch_5/000112.JPG,train,1,taco_001011.jpg,taco_001011.txt
1153,batch_6/000023.JPG,train,3,taco_001153.jpg,taco_001153.txt
1300,batch_8/000000.jpg,train,2,taco_001300.jpg,taco_001300.txt
598,batch_14/000097.jpg,train,26,taco_000598.jpg,taco_000598.txt
946,batch_4/000080.JPG,train,2,taco_000946.jpg,taco_000946.txt
554,batch_14/000053.jpg,train,1,taco_000554.jpg,taco_000554.txt
814,batch_3/IMG_4859.JPG,train,2,taco_000814.jpg,taco_000814.txt
4,batch_1/000026.jpg,train,1,taco_000004.jpg,taco_000004.txt
791,batch_3/IMG_5040.JPG,train,1,taco_000791.jpg,taco_000791.txt
344,batch_12/000043.jpg,train,8,taco_000344.jpg,taco_000344.txt
1277,batch_7/000119.JPG,train,1,taco_001277.jpg,taco_001277.txt
1398,batch_8/000098.jpg,train,3,taco_001398.jpg,taco_001398.txt
445,batch_13/000044.jpg,train,2,taco_000445.jpg,taco_000445.txt
1000,batch_5/000101.JPG,train,1,taco_001000.jpg,taco_001000.txt
1268,batch_7/000109.JPG,train,3,taco_001268.jpg,taco_001268.txt
847,batch_3/IMG_4926.JPG,train,1,taco_000847.jpg,taco_000847.txt
347,batch_12/000046.jpg,train,9,taco_000347.jpg,taco_000347.txt
493,batch_13/000092.jpg,train,2,taco_000493.jpg,taco_000493.txt
1484,batch_9/000084.jpg,train,8,taco_001484.jpg,taco_001484.txt
30,batch_1/000028.jpg,train,2,taco_000030.jpg,taco_000030.txt
1122,batch_6/000055.JPG,train,4,taco_001122.jpg,taco_001122.txt
103,batch_10/000002.jpg,train,4,taco_000103.jpg,taco_000103.txt
203,batch_11/000002.jpg,train,1,taco_000203.jpg,taco_000203.txt
1142,batch_6/000035.JPG,train,6,taco_001142.jpg,taco_001142.txt
922,batch_4/000052.JPG,train,1,taco_000922.jpg,taco_000922.txt
156,batch_10/000055.jpg,train,1,taco_000156.jpg,taco_000156.txt
520,batch_14/000019.jpg,train,2,taco_000520.jpg,taco_000520.txt
962,batch_4/000097.JPG,train,8,taco_000962.jpg,taco_000962.txt
1269,batch_7/000110.JPG,train,2,taco_001269.jpg,taco_001269.txt
382,batch_12/000081.jpg,train,1,taco_000382.jpg,taco_000382.txt
1364,batch_8/000064.jpg,train,3,taco_001364.jpg,taco_001364.txt
293,batch_11/000092.jpg,train,2,taco_000293.jpg,taco_000293.txt
933,batch_4/000063.JPG,train,1,taco_000933.jpg,taco_000933.txt
1448,batch_9/000048.jpg,train,2,taco_001448.jpg,taco_001448.txt
1257,batch_7/000096.JPG,train,3,taco_001257.jpg,taco_001257.txt
399,batch_12/000098.jpg,train,1,taco_000399.jpg,taco_000399.txt
518,batch_14/000017.jpg,train,1,taco_000518.jpg,taco_000518.txt
226,batch_11/000025.jpg,train,1,taco_000226.jpg,taco_000226.txt
708,batch_2/000026.JPG,train,3,taco_000708.jpg,taco_000708.txt
839,batch_3/IMG_4914.JPG,train,5,taco_000839.jpg,taco_000839.txt
125,batch_10/000024.jpg,train,1,taco_000125.jpg,taco_000125.txt
204,batch_11/000003.jpg,train,5,taco_000204.jpg,taco_000204.txt
110,batch_10/000009.jpg,train,1,taco_000110.jpg,taco_000110.txt
971,batch_5/000079.JPG,train,1,taco_000971.jpg,taco_000971.txt
856,batch_3/IMG_4964.JPG,train,1,taco_000856.jpg,taco_000856.txt
882,batch_4/000005.JPG,train,3,taco_000882.jpg,taco_000882.txt
740,batch_2/000062.JPG,train,1,taco_000740.jpg,taco_000740.txt
897,batch_4/000021.JPG,train,1,taco_000897.jpg,taco_000897.txt
1456,batch_9/000056.jpg,train,3,taco_001456.jpg,taco_001456.txt
196,batch_10/000095.jpg,train,2,taco_000196.jpg,taco_000196.txt
396,batch_12/000095.jpg,train,2,taco_000396.jpg,taco_000396.txt
848,batch_3/IMG_4928.JPG,train,1,taco_000848.jpg,taco_000848.txt
1261,batch_7/000101.JPG,train,1,taco_001261.jpg,taco_001261.txt
506,batch_14/000005.jpg,train,1,taco_000506.jpg,taco_000506.txt
983,batch_5/000092.JPG,train,2,taco_000983.jpg,taco_000983.txt
1196,batch_7/000025.JPG,train,2,taco_001196.jpg,taco_001196.txt
1184,batch_7/000013.JPG,train,2,taco_001184.jpg,taco_001184.txt
276,batch_11/000075.jpg,train,5,taco_000276.jpg,taco_000276.txt
1298,batch_7/000141.JPG,train,1,taco_001298.jpg,taco_001298.txt
446,batch_13/000045.jpg,train,4,taco_000446.jpg,taco_000446.txt
1009,batch_5/000110.JPG,train,1,taco_001009.jpg,taco_001009.txt
584,batch_14/000083.jpg,train,1,taco_000584.jpg,taco_000584.txt
496,batch_13/000095.jpg,train,3,taco_000496.jpg,taco_000496.txt
1067,batch_5/000052.JPG,train,1,taco_001067.jpg,taco_001067.txt
1278,batch_7/000120.JPG,train,4,taco_001278.jpg,taco_001278.txt
690,batch_2/000006.JPG,train,1,taco_000690.jpg,taco_000690.txt
64,batch_1/000085.JPG,train,9,taco_000064.jpg,taco_000064.txt
139,batch_10/000038.jpg,train,3,taco_000139.jpg,taco_000139.txt
477,batch_13/000076.jpg,train,1,taco_000477.jpg,taco_000477.txt
121,batch_10/000020.jpg,train,11,taco_000121.jpg,taco_000121.txt
146,batch_10/000045.jpg,train,1,taco_000146.jpg,taco_000146.txt
14,batch_1/000056.jpg,train,1,taco_000014.jpg,taco_000014.txt
1472,batch_9/000072.jpg,train,1,taco_001472.jpg,taco_001472.txt
1221,batch_7/000057.JPG,train,1,taco_001221.jpg,taco_001221.txt
480,batch_13/000079.jpg,train,1,taco_000480.jpg,taco_000480.txt
1149,batch_6/000027.JPG,train,1,taco_001149.jpg,taco_001149.txt
1220,batch_7/000056.JPG,train,1,taco_001220.jpg,taco_001220.txt
43,batch_1/000035.jpg,train,3,taco_000043.jpg,taco_000043.txt
706,batch_2/000024.JPG,train,4,taco_000706.jpg,taco_000706.txt
132,batch_10/000031.jpg,train,2,taco_000132.jpg,taco_000132.txt
468,batch_13/000067.jpg,train,1,taco_000468.jpg,taco_000468.txt
516,batch_14/000015.jpg,train,2,taco_000516.jpg,taco_000516.txt
251,batch_11/000050.jpg,train,1,taco_000251.jpg,taco_000251.txt
939,batch_4/000071.JPG,train,1,taco_000939.jpg,taco_000939.txt
1074,batch_5/000060.JPG,train,2,taco_001074.jpg,taco_001074.txt
912,batch_4/000041.JPG,train,1,taco_000912.jpg,taco_000912.txt
779,batch_3/IMG_4977.JPG,train,1,taco_000779.jpg,taco_000779.txt
1376,batch_8/000076.jpg,train,3,taco_001376.jpg,taco_001376.txt
652,batch_15/000051.jpg,train,3,taco_000652.jpg,taco_000652.txt
419,batch_13/000018.jpg,train,1,taco_000419.jpg,taco_000419.txt
1406,batch_9/000006.jpg,train,1,taco_001406.jpg,taco_001406.txt
441,batch_13/000040.jpg,train,1,taco_000441.jpg,taco_000441.txt
881,batch_4/000004.JPG,train,6,taco_000881.jpg,taco_000881.txt
1258,batch_7/000097.JPG,train,2,taco_001258.jpg,taco_001258.txt
1095,batch_6/000086.JPG,train,1,taco_001095.jpg,taco_001095.txt
1385,batch_8/000085.jpg,train,2,taco_001385.jpg,taco_001385.txt
345,batch_12/000044.jpg,train,1,taco_000345.jpg,taco_000345.txt
1140,batch_6/000037.JPG,train,9,taco_001140.jpg,taco_001140.txt
988,batch_5/000097.JPG,train,1,taco_000988.jpg,taco_000988.txt
268,batch_11/000067.jpg,train,2,taco_000268.jpg,taco_000268.txt
263,batch_11/000062.jpg,train,1,taco_000263.jpg,taco_000263.txt
1105,batch_6/000074.JPG,train,2,taco_001105.jpg,taco_001105.txt
142,batch_10/000041.jpg,train,5,taco_000142.jpg,taco_000142.txt
1010,batch_5/000111.JPG,train,5,taco_001010.jpg,taco_001010.txt
177,batch_10/000076.jpg,train,2,taco_000177.jpg,taco_000177.txt
1445,batch_9/000045.jpg,train,1,taco_001445.jpg,taco_001445.txt
1394,batch_8/000094.jpg,train,1,taco_001394.jpg,taco_001394.txt
502,batch_14/000001.jpg,train,1,taco_000502.jpg,taco_000502.txt
119,batch_10/000018.jpg,train,1,taco_000119.jpg,taco_000119.txt
499,batch_13/000098.jpg,train,1,taco_000499.jpg,taco_000499.txt
643,batch_15/000042.jpg,train,1,taco_000643.jpg,taco_000643.txt
758,batch_2/000082.JPG,train,6,taco_000758.jpg,taco_000758.txt
232,batch_11/000031.jpg,train,1,taco_000232.jpg,taco_000232.txt
39,batch_1/000016.jpg,train,1,taco_000039.jpg,taco_000039.txt
1015,batch_5/000116.JPG,train,2,taco_001015.jpg,taco_001015.txt
677,batch_15/000076.jpg,train,6,taco_000677.jpg,taco_000677.txt
1242,batch_7/000081.JPG,train,4,taco_001242.jpg,taco_001242.txt
1,batch_1/000008.jpg,train,2,taco_000001.jpg,taco_000001.txt
1101,batch_6/000078.JPG,train,5,taco_001101.jpg,taco_001101.txt
1119,batch_6/000059.JPG,train,3,taco_001119.jpg,taco_001119.txt
336,batch_12/000035.jpg,train,4,taco_000336.jpg,taco_000336.txt
780,batch_3/IMG_4978.JPG,train,2,taco_000780.jpg,taco_000780.txt
1367,batch_8/000067.jpg,train,2,taco_001367.jpg,taco_001367.txt
1477,batch_9/000077.jpg,train,1,taco_001477.jpg,taco_001477.txt
1415,batch_9/000015.jpg,train,1,taco_001415.jpg,taco_001415.txt
1338,batch_8/000038.jpg,train,3,taco_001338.jpg,taco_001338.txt
1325,batch_8/000025.jpg,train,4,taco_001325.jpg,taco_001325.txt
625,batch_15/000024.jpg,train,13,taco_000625.jpg,taco_000625.txt
1297,batch_7/000140.JPG,train,2,taco_001297.jpg,taco_001297.txt
220,batch_11/000019.jpg,train,4,taco_000220.jpg,taco_000220.txt
1054,batch_5/000038.JPG,train,2,taco_001054.jpg,taco_001054.txt
372,batch_12/000071.jpg,train,1,taco_000372.jpg,taco_000372.txt
1040,batch_5/000023.JPG,train,1,taco_001040.jpg,taco_001040.txt
549,batch_14/000048.jpg,train,2,taco_000549.jpg,taco_000549.txt
6,batch_1/000055.jpg,train,1,taco_000006.jpg,taco_000006.txt
944,batch_4/000077.JPG,train,1,taco_000944.jpg,taco_000944.txt
329,batch_12/000028.jpg,train,6,taco_000329.jpg,taco_000329.txt
905,batch_4/000031.JPG,train,3,taco_000905.jpg,taco_000905.txt
615,batch_15/000014.jpg,train,1,taco_000615.jpg,taco_000615.txt
1498,batch_9/000098.jpg,train,2,taco_001498.jpg,taco_001498.txt
1464,batch_9/000064.jpg,train,2,taco_001464.jpg,taco_001464.txt
1329,batch_8/000029.jpg,train,8,taco_001329.jpg,taco_001329.txt
1419,batch_9/000019.jpg,train,1,taco_001419.jpg,taco_001419.txt
1114,batch_6/000064.JPG,train,2,taco_001114.jpg,taco_001114.txt
237,batch_11/000036.jpg,train,1,taco_000237.jpg,taco_000237.txt
23,batch_1/000054.jpg,train,4,taco_000023.jpg,taco_000023.txt
1148,batch_6/000028.JPG,train,1,taco_001148.jpg,taco_001148.txt
523,batch_14/000022.jpg,train,5,taco_000523.jpg,taco_000523.txt
1098,batch_6/000082.JPG,train,2,taco_001098.jpg,taco_001098.txt
973,batch_5/000082.JPG,train,1,taco_000973.jpg,taco_000973.txt
1236,batch_7/000075.JPG,train,1,taco_001236.jpg,taco_001236.txt
796,batch_3/IMG_5045.JPG,train,2,taco_000796.jpg,taco_000796.txt
803,batch_3/IMG_5053.JPG,train,3,taco_000803.jpg,taco_000803.txt
131,batch_10/000030.jpg,train,1,taco_000131.jpg,taco_000131.txt
1237,batch_7/000076.JPG,train,1,taco_001237.jpg,taco_001237.txt
1487,batch_9/000087.jpg,train,3,taco_001487.jpg,taco_001487.txt
333,batch_12/000032.jpg,train,2,taco_000333.jpg,taco_000333.txt
1302,batch_8/000002.jpg,train,1,taco_001302.jpg,taco_001302.txt
319,batch_12/000018.jpg,train,1,taco_000319.jpg,taco_000319.txt
227,batch_11/000026.jpg,train,3,taco_000227.jpg,taco_000227.txt
96,batch_1/000004.jpg,train,1,taco_000096.jpg,taco_000096.txt
189,batch_10/000088.jpg,train,2,taco_000189.jpg,taco_000189.txt
1025,batch_5/000008.JPG,train,1,taco_001025.jpg,taco_001025.txt
1058,batch_5/000042.JPG,train,1,taco_001058.jpg,taco_001058.txt
289,batch_11/000088.jpg,train,1,taco_000289.jpg,taco_000289.txt
1404,batch_9/000004.jpg,train,3,taco_001404.jpg,taco_001404.txt
756,batch_2/000080.JPG,train,2,taco_000756.jpg,taco_000756.txt
832,batch_3/IMG_4897.JPG,train,3,taco_000832.jpg,taco_000832.txt
1211,batch_7/000047.JPG,train,5,taco_001211.jpg,taco_001211.txt
892,batch_4/000015.JPG,train,1,taco_000892.jpg,taco_000892.txt
1213,batch_7/000049.JPG,train,16,taco_001213.jpg,taco_001213.txt
548,batch_14/000047.jpg,train,4,taco_000548.jpg,taco_000548.txt
1118,batch_6/000060.JPG,train,1,taco_001118.jpg,taco_001118.txt
1478,batch_9/000078.jpg,train,3,taco_001478.jpg,taco_001478.txt
514,batch_14/000013.jpg,train,2,taco_000514.jpg,taco_000514.txt
1493,batch_9/000093.jpg,train,3,taco_001493.jpg,taco_001493.txt
553,batch_14/000052.jpg,train,2,taco_000553.jpg,taco_000553.txt
298,batch_11/000097.jpg,train,9,taco_000298.jpg,taco_000298.txt
954,batch_4/000088.JPG,train,4,taco_000954.jpg,taco_000954.txt
1333,batch_8/000033.jpg,train,6,taco_001333.jpg,taco_001333.txt
825,batch_3/IMG_4879.JPG,train,1,taco_000825.jpg,taco_000825.txt
1037,batch_5/000020.JPG,train,6,taco_001037.jpg,taco_001037.txt
1359,batch_8/000059.jpg,train,2,taco_001359.jpg,taco_001359.txt
443,batch_13/000042.jpg,train,1,taco_000443.jpg,taco_000443.txt
658,batch_15/000057.jpg,train,2,taco_000658.jpg,taco_000658.txt
1176,batch_7/000003.JPG,train,1,taco_001176.jpg,taco_001176.txt
440,batch_13/000039.jpg,train,2,taco_000440.jpg,taco_000440.txt
136,batch_10/000035.jpg,train,17,taco_000136.jpg,taco_000136.txt
559,batch_14/000058.jpg,train,1,taco_000559.jpg,taco_000559.txt
836,batch_3/IMG_4907.JPG,train,1,taco_000836.jpg,taco_000836.txt
660,batch_15/000059.jpg,train,1,taco_000660.jpg,taco_000660.txt
1486,batch_9/000086.jpg,train,9,taco_001486.jpg,taco_001486.txt
478,batch_13/000077.jpg,train,1,taco_000478.jpg,taco_000478.txt
114,batch_10/000013.jpg,train,2,taco_000114.jpg,taco_000114.txt
678,batch_15/000077.jpg,train,2,taco_000678.jpg,taco_000678.txt
457,batch_13/000056.jpg,train,8,taco_000457.jpg,taco_000457.txt
1155,batch_6/000021.JPG,train,1,taco_001155.jpg,taco_001155.txt
1327,batch_8/000027.jpg,train,5,taco_001327.jpg,taco_001327.txt
563,batch_14/000062.jpg,train,2,taco_000563.jpg,taco_000563.txt
792,batch_3/IMG_5041.JPG,train,1,taco_000792.jpg,taco_000792.txt
961,batch_4/000096.JPG,train,3,taco_000961.jpg,taco_000961.txt
341,batch_12/000040.jpg,train,1,taco_000341.jpg,taco_000341.txt
1495,batch_9/000095.jpg,train,5,taco_001495.jpg,taco_001495.txt
1108,batch_6/000071.JPG,train,1,taco_001108.jpg,taco_001108.txt
357,batch_12/000056.jpg,train,1,taco_000357.jpg,taco_000357.txt
1317,batch_8/000017.jpg,train,2,taco_001317.jpg,taco_001317.txt
1263,batch_7/000103.JPG,train,1,taco_001263.jpg,taco_001263.txt
147,batch_10/000046.jpg,train,1,taco_000147.jpg,taco_000147.txt
1344,batch_8/000044.jpg,train,5,taco_001344.jpg,taco_001344.txt
1417,batch_9/000017.jpg,train,1,taco_001417.jpg,taco_001417.txt
557,batch_14/000056.jpg,train,1,taco_000557.jpg,taco_000557.txt
1390,batch_8/000090.jpg,train,2,taco_001390.jpg,taco_001390.txt
437,batch_13/000036.jpg,train,3,taco_000437.jpg,taco_000437.txt
742,batch_2/000064.JPG,train,1,taco_000742.jpg,taco_000742.txt
773,batch_2/000096.JPG,train,2,taco_000773.jpg,taco_000773.txt
340,batch_12/000039.jpg,train,3,taco_000340.jpg,taco_000340.txt
762,batch_2/000014.JPG,train,1,taco_000762.jpg,taco_000762.txt
1318,batch_8/000018.jpg,train,1,taco_001318.jpg,taco_001318.txt
943,batch_4/000076.JPG,train,1,taco_000943.jpg,taco_000943.txt
1463,batch_9/000063.jpg,train,3,taco_001463.jpg,taco_001463.txt
1457,batch_9/000057.jpg,train,1,taco_001457.jpg,taco_001457.txt
209,batch_11/000008.jpg,train,3,taco_000209.jpg,taco_000209.txt
1482,batch_9/000082.jpg,train,1,taco_001482.jpg,taco_001482.txt
165,batch_10/000064.jpg,train,1,taco_000165.jpg,taco_000165.txt
606,batch_15/000005.jpg,train,1,taco_000606.jpg,taco_000606.txt
475,batch_13/000074.jpg,train,1,taco_000475.jpg,taco_000475.txt
1372,batch_8/000072.jpg,train,3,taco_001372.jpg,taco_001372.txt
93,batch_1/000120.JPG,train,2,taco_000093.jpg,taco_000093.txt
143,batch_10/000042.jpg,train,3,taco_000143.jpg,taco_000143.txt
400,batch_12/000099.jpg,train,1,taco_000400.jpg,taco_000400.txt
1198,batch_7/000030.JPG,train,1,taco_001198.jpg,taco_001198.txt
755,batch_2/000079.JPG,train,5,taco_000755.jpg,taco_000755.txt
1283,batch_7/000125.JPG,train,5,taco_001283.jpg,taco_001283.txt
1304,batch_8/000004.jpg,train,2,taco_001304.jpg,taco_001304.txt
614,batch_15/000013.jpg,train,4,taco_000614.jpg,taco_000614.txt
1145,batch_6/000032.JPG,train,2,taco_001145.jpg,taco_001145.txt
163,batch_10/000062.jpg,train,2,taco_000163.jpg,taco_000163.txt
790,batch_3/IMG_5039.JPG,train,1,taco_000790.jpg,taco_000790.txt
261,batch_11/000060.jpg,train,2,taco_000261.jpg,taco_000261.txt
1113,batch_6/000065.JPG,train,4,taco_001113.jpg,taco_001113.txt
955,batch_4/000089.JPG,train,1,taco_000955.jpg,taco_000955.txt
88,batch_1/000111.JPG,train,3,taco_000088.jpg,taco_000088.txt
552,batch_14/000051.jpg,train,1,taco_000552.jpg,taco_000552.txt
1252,batch_7/000091.JPG,train,2,taco_001252.jpg,taco_001252.txt
718,batch_2/000038.JPG,train,4,taco_000718.jpg,taco_000718.txt
750,batch_2/000073.JPG,train,3,taco_000750.jpg,taco_000750.txt
201,batch_11/000000.jpg,train,3,taco_000201.jpg,taco_000201.txt
793,batch_3/IMG_5042.JPG,train,1,taco_000793.jpg,taco_000793.txt
192,batch_10/000091.jpg,train,3,taco_000192.jpg,taco_000192.txt
1492,batch_9/000092.jpg,train,1,taco_001492.jpg,taco_001492.txt
703,batch_2/000021.JPG,train,3,taco_000703.jpg,taco_000703.txt
448,batch_13/000047.jpg,train,2,taco_000448.jpg,taco_000448.txt
324,batch_12/000023.jpg,train,2,taco_000324.jpg,taco_000324.txt
1469,batch_9/000069.jpg,train,2,taco_001469.jpg,taco_001469.txt
710,batch_2/000029.JPG,train,2,taco_000710.jpg,taco_000710.txt
880,batch_4/000003.JPG,train,1,taco_000880.jpg,taco_000880.txt
1447,batch_9/000047.jpg,train,2,taco_001447.jpg,taco_001447.txt
332,batch_12/000031.jpg,train,9,taco_000332.jpg,taco_000332.txt
13,batch_1/000053.jpg,train,4,taco_000013.jpg,taco_000013.txt
582,batch_14/000081.jpg,train,5,taco_000582.jpg,taco_000582.txt
1222,batch_7/000058.JPG,train,2,taco_001222.jpg,taco_001222.txt
934,batch_4/000064.JPG,train,1,taco_000934.jpg,taco_000934.txt
459,batch_13/000058.jpg,train,1,taco_000459.jpg,taco_000459.txt
874,batch_3/IMG_5068.JPG,train,7,taco_000874.jpg,taco_000874.txt
1490,batch_9/000090.jpg,train,4,taco_001490.jpg,taco_001490.txt
1455,batch_9/000055.jpg,train,2,taco_001455.jpg,taco_001455.txt
1347,batch_8/000047.jpg,train,2,taco_001347.jpg,taco_001347.txt
415,batch_13/000014.jpg,train,3,taco_000415.jpg,taco_000415.txt
1164,batch_6/000010.JPG,train,1,taco_001164.jpg,taco_001164.txt
54,batch_1/000072.JPG,train,3,taco_000054.jpg,taco_000054.txt
1248,batch_7/000087.JPG,train,10,taco_001248.jpg,taco_001248.txt
1049,batch_5/000033.JPG,train,1,taco_001049.jpg,taco_001049.txt
485,batch_13/000084.jpg,train,9,taco_000485.jpg,taco_000485.txt
455,batch_13/000054.jpg,train,20,taco_000455.jpg,taco_000455.txt
194,batch_10/000093.jpg,train,5,taco_000194.jpg,taco_000194.txt
61,batch_1/000082.JPG,train,1,taco_000061.jpg,taco_000061.txt
65,batch_1/000086.JPG,train,3,taco_000065.jpg,taco_000065.txt
879,batch_4/000002.JPG,train,15,taco_000879.jpg,taco_000879.txt
1225,batch_7/000063.JPG,train,1,taco_001225.jpg,taco_001225.txt
181,batch_10/000080.jpg,train,1,taco_000181.jpg,taco_000181.txt
1131,batch_6/000047.JPG,train,2,taco_001131.jpg,taco_001131.txt
1403,batch_9/000003.jpg,train,2,taco_001403.jpg,taco_001403.txt
212,batch_11/000011.jpg,train,3,taco_000212.jpg,taco_000212.txt
291,batch_11/000090.jpg,train,2,taco_000291.jpg,taco_000291.txt
465,batch_13/000064.jpg,train,1,taco_000465.jpg,taco_000465.txt
510,batch_14/000009.jpg,train,1,taco_000510.jpg,taco_000510.txt
575,batch_14/000074.jpg,train,1,taco_000575.jpg,taco_000575.txt
51,batch_1/000069.JPG,train,1,taco_000051.jpg,taco_000051.txt
231,batch_11/000030.jpg,train,1,taco_000231.jpg,taco_000231.txt
1326,batch_8/000026.jpg,train,2,taco_001326.jpg,taco_001326.txt
